제목,도로명주소,지역,위도,경도,인기점수
웅스키친,제주특별자치도 제주시 대동길 17-1,제주시,33.4930736,126.4637705,11773
제주기정떡,제주특별자치도 제주시 애월읍 평화로 2747,제주시,33.449394,126.43736,7796
곽지식당,제주특별자치도 제주시 애월읍 곽지3길 27,제주시,33.449352,126.30442,7482
쉬림프봉봉&올레파머스,제주특별자치도 제주시 구좌읍 월정7길 57,제주시,33.55525,126.79582,5392
준반점,제주특별자치도 제주시 조천읍 조함해안로 528,제주시,33.54249,126.669304,5074
돌하르방 뚝배기,제주특별자치도 서귀포시 성산읍 일출로 264,서귀포시,33.4611919,126.9339076,9661
대관원,제주특별자치도 제주시 신대로13길 3,제주시,33.487804,126.49748,6525
버거307,제주특별자치도 제주시 조천읍 조함해안로 504,제주시,33.499622,126.53119,7094
동방양꼬치구이,제주특별자치도 서귀포시 명동로 14,서귀포시,33.246956,126.56347,4276
용두암 바당회국수,제주특별자치도 제주시 서해안로 614,제주시,33.51699,126.502815,3740
돌하르방식당,제주특별자치도 제주시 한림읍 한림로 300,제주시,33.3879944,126.2397837,13625
킨포크,제주특별자치도 제주시 노형3길 8,제주시,33.483097,126.477234,3862
키스더티라미수,제주특별자치도 제주시 애월읍 애월해안로 274,제주시,33.46854,126.34041,1078
바다위에코끼리,제주특별자치도 제주시 한림읍 협재1길 27-6,제주시,33.499622,126.53119,11433
돌토고리족욕카페,제주특별자치도 서귀포시 표선면 표선당포로 16-4,서귀포시,33.32556,126.84445,10046
라스또르따스,제주특별자치도 제주시 광양11길 8-1,제주시,33.4991863,126.5311145,6469
라쁠라주,제주특별자치도 제주시 서해안로 518,제주시,33.5198301,126.4944679,1368
채원일식,제주특별자치도 제주시 가령골2길 4,제주시,33.504257,126.537544,4362
함덕밀면,제주특별자치도 제주시 조천읍 신북로 566,제주시,33.5402349,126.6700387,6407
탐라 뚝배기,제주특별자치도 서귀포시 표선면 표선백사로 127,서귀포시,33.32677,126.83669,7234
토담골,제주특별자치도 제주시 신설로 28,제주시,33.4933442,126.5434175,4810
갤러리앤카페고팡,제주특별자치도 제주시 한림읍 금능남로 15,제주시,33.38652,126.23282,3848
골막식당,제주특별자치도 제주시 천수로 12,제주시,33.5024655,126.5384668,12296
다래향,제주특별자치도 제주시 조천읍 조함해안로 428-4,제주시,33.5457967,126.6607519,9676
길벗식당,제주특별자치도 제주시 월광로 162,제주시,33.4925136,126.4750372,5720
민봉태중화요리,제주특별자치도 제주시 연삼로 776 (화북이동),제주시,33.51155,126.56878,5864
세자매식당,제주특별자치도 서귀포시 신서귀로 11 민우상가 102호(법환동),서귀포시,33.25098,126.510124,6327
땅꼬분식 뷔페,제주특별자치도 제주시 조천읍 조천18길 50-9,제주시,33.537205,126.645424,10113
협재해녀의집,제주특별자치도 제주시 한림읍 협재3길 19,제주시,33.39883,126.24401,38770
치저스,제주특별자치도 제주시 구좌읍 비자림로 1785,제주시,33.4684316,126.7740314,10900
신옛촌,제주특별자치도 서귀포시 안덕면 사계로 187-6,서귀포시,33.247074,126.302536,8273
가든이다,제주특별자치도 서귀포시 중문상로 86,서귀포시,33.2555778,126.4278239,1508
강정해녀의집,제주특별자치도 서귀포시 말질로 270,서귀포시,33.2292539,126.4760412,9206
이성필 커피볶는집,제주특별자치도 제주시 이도2동 광양8길 1,제주시,33.499733,126.52797,2215
명당양과,제주특별자치도 제주시 원노형로 83,제주시,33.4812749,126.4850048,27652
한림로342쩜빵,제주특별자치도 제주시 한림읍 한림로 342,제주시,33.39386,126.240944,272
마중물삼계탕,제주특별자치도 제주시 서사로 62-3,제주시,33.5068618,126.5197327,6590
산라한,제주특별자치도 제주시 북성로 4,제주시,33.5158367,126.5239328,92
늘봄흑돼지,제주특별자치도 제주시 한라대학로 12,제주시,33.4792895,126.4728779,20379
고메아일랜드,제주특별자치도 제주시 청사로 85,제주시,33.490288,126.5278,4643
우유부단,제주특별자치도 제주시 한림읍 금악동길 38,제주시,33.3476667,126.3282377,47492
저팔계깡통연탄구이,제주특별자치도 제주시 조천읍 신북로 531,제주시,33.5417,126.666756,4395
하와이새우트럭,제주특별자치도 제주시 노형13길 16,제주시,33.482337,126.478375,6549
아랑,"제주특별자치도 제주시 선덕로 5길 25(연동, 연미주택)",제주시,33.48745,126.50014,3648
해금강횟집,제주특별자치도 제주시 서부두길 28 (건입동),제주시,33.51896,126.5287,9440
산포식당,제주특별자치도 서귀포시 성산읍 서성일로 1134,서귀포시,33.445087,126.899796,11049
잠녀해녀촌,제주특별자치도 제주시 조천읍 함덕5길 34,제주시,33.546357,126.6597032,29812
촌촌해녀촌,제주특별자치도 제주시 구좌읍 동복로 35,제주시,33.55347,126.71021,10421
마라도별장식당,제주특별자치도 서귀포시 대정읍 마라로101번길 43,서귀포시,33.118282,126.26671,3364
BHC치킨 연동점,제주특별자치도 제주시 삼무로 27,제주시,33.4901585,126.4895887,2256
제주신화월드 F&B,제주특별자치도 서귀포시 안덕면 신화역사로304번길 38,서귀포시,33.3017501,126.3206458,4708
월정리갈비밥,제주특별자치도 제주시 구좌읍 월정7길 46,제주시,33.554817,126.7969,9860
머루황토불갈비,제주특별자치도 제주시 오일장중길 41,제주시,33.49619,126.47261,1426
난드르깡통구이,제주특별자치도 서귀포시 안덕면 대평감산로 14,서귀포시,33.236134,126.367004,8175
살랑살랑샤브샤브,제주특별자치도 제주시 서해안로 612,제주시,33.488773,126.49531,4603
미번베트남쌀국수,제주특별자치도 제주시 한림읍 한림로5길 23,제주시,33.4146732,126.2613821,5126
좀녀마을뚝배기,제주특별자치도 제주시 은남길 25,제주시,33.48737,126.495964,9428
행운문,제주특별자치도 제주시 애월읍 봉성로2길 34-3,제주시,33.364338,126.3552026,466
쉐프1192레스토랑,제주특별자치도 서귀포시 성산읍 환해장성로 465,서귀포시,33.3985983,126.9051378,446
천보식당,제주특별자치도 서귀포시 중앙로89번길 13,서귀포시,33.2521128,126.5591464,1150
제주돔베막국수,제주특별자치도 제주시 한경면 고산로 35,제주시,33.3041465,126.1794537,2082
카페오늘의바다,제주특별자치도 서귀포시 이어도로 990,서귀포시,33.2416566,126.5184877,504
제주스럽닭서귀포올레점,제주특별자치도 서귀포시 태평로 396,서귀포시,33.24425,126.5626707,358
제주에인감귤밭,제주특별자치도 서귀포시 호근서호로 20-14,서귀포시,33.2566081,126.5394101,1784
상명식당,제주특별자치도 제주시 한림읍 상한로 4,제주시,33.3580734,126.2742981,500
숨비나리카페,제주특별자치도 서귀포시 안덕면 중산간서로1615번길 8,서귀포시,33.282284,126.348366,6357
엄블랑디,제주특별자치도 서귀포시 일주동로 8713,서귀포시,33.2523783,126.5576332,262
제주오성,제주특별자치도 서귀포시 중문관광로 27,서귀포시,33.2556752,126.4146427,11728
카페 아트진,제주특별자치도 서귀포시 하예동 1830-7 1층,서귀포시,33.24512,126.38528,1377
모퉁이스낵,제주특별자치도 서귀포시 성산읍 일출로 270-2,서귀포시,33.461685,126.93423,2714
황금어장,제주특별자치도 서귀포시 중앙로48번길 14,서귀포시,33.2490795,126.5631739,6188
바다동굴,제주특별자치도 제주시 한림읍 월령3길 36,제주시,33.37875,126.216835,6079
현기네식당,제주특별자치도 제주시 번영로 487,제주시,33.4910157,126.5942761,3603
은희네해장국 본점,제주특별자치도 제주시 고마로13길 8,제주시,33.508522,126.5408,27976
제주 어가,제주특별자치도 제주시 1100로 3213-8,제주시,33.47434,126.48357,14462
치치퐁,제주특별자치도 서귀포시 안덕면 사계남로216번길 24-62,서귀포시,33.235268,126.313446,22099
명품진전복해물탕,제주특별자치도 제주시 신설로 6,제주시,33.4939158,126.5415943,17096
정순화손두부,제주특별자치도 제주시 조천읍 일주동로 1415,제주시,33.54495,126.68638,6700
달에,제주특별자치도 제주시 애월읍 고내로9길 44-2,제주시,33.466644,126.3384,3562
오르막가든,제주특별자치도 서귀포시 대포중앙로 12,서귀포시,33.250298,126.43307,5498
두리호집,제주특별자치도 제주시 한림읍 한림해안로 127,제주시,33.4153664,126.2616327,2242
카페 웰컴,제주특별자치도 제주시 선덕로 23,제주시,33.486317,126.4991,302
운해횟집,제주특별자치도 서귀포시 대포로 174,서귀포시,33.238829,126.439408,6873
자리돔횟집,제주특별자치도 서귀포시 동홍동로 7,서귀포시,33.25554,126.57477,8314
금문도,제주특별자치도 제주시 원노형로 36,제주시,33.485535,126.4847,2900
시니어손맛 아리랑,제주특별자치도 제주시 동광로2길 7,제주시,33.500671,126.530808,1393
바다풍경횟집,제주특별자치도 제주시 서해안로 654,제주시,33.5161862,126.5069194,23170
비양도식당,제주특별자치도 제주시 한림읍 한림로 167,제주시,33.3860678,126.2258574,4050
두가시영,제주특별자치도 서귀포시 표선면 하천달산로9번길 98,서귀포시,33.3374683,126.8423582,4762
달리맨,제주특별자치도 서귀포시 성산읍 환해장성로 950,서귀포시,33.4445754,126.9095025,3404
알마니,제주특별자치도 제주시 구좌읍 해녀박물관길 37,제주시,33.5242801,126.8619345,1872
워터쉐드카페,제주특별자치도 제주시 조천읍 교래4길 74,제주시,33.4180631,126.6534847,1102
앞돈지,제주특별자치도 제주시 중앙로1길 28(건입동),제주시,33.516056,126.52759,2690
곽지BAR다,제주특별자치도 제주시 애월읍 곽지1길 18,제주시,33.44777,126.30465,3980
넘버 138,제주특별자치도 서귀포시 쇠소깍로 138,서귀포시,33.25168,126.62265,5117
2093하우스,제주특별자치도 제주시 조천읍 남조로 2093,제주시,33.427616,126.66658,11432
금능제면소,제주특별자치도 제주시 한림읍 금능길 47,제주시,33.3880999,126.2282768,868
데미안,제주특별자치도 제주시 한경면 고조로 492-15,제주시,33.32901,126.221903,5223
현옥식당,제주특별자치도 제주시 서광로2길 35(오라일동),제주시,33.4986,126.51429,11265
땅땅치킨 봉개점,제주특별자치도 제주시 번영로 470,제주시,33.491463,126.59227,6476
카페공작소,제주특별자치도 제주시 구좌읍 해맞이해안로 1446,제주시,33.524647,126.85994,36455
명리동식당구좌직영점,제주특별자치도 제주시 구좌읍 일주동로 3010-17,제주시,33.52741,126.8433891,410
협재이길,제주특별자치도 제주시 한림읍 협재2길 14,제주시,33.3925079,126.2412355,442
섭지향,제주특별자치도 서귀포시 표선면 표선동서로 195,서귀포시,33.3216034,126.8304589,5028
돈사돈,제주특별자치도 제주시 우평로 19,제주시,33.47887,126.46408,99068
카페씨닉,제주특별자치도 제주시 구좌읍 해맞이해안로 402,제주시,33.5593547,126.7926649,362
아뜰리에 제주명월,제주특별자치도 서귀포시 안덕면 병악로 31,서귀포시,33.279503,126.36156,6710
숙이네보리빵,제주특별자치도 제주시 애월읍 애월로 118,제주시,33.464344,126.31987,10840
르카페하도,제주특별자치도 제주시 구좌읍 해맞이해안로 2030-8,제주시,33.5091405,126.8999502,288
리보스코화덕피자,제주특별자치도 제주시 수목원길 27,제주시,33.469433,126.4882,15903
세이슌,제주특별자치도 제주시 서광로32길 34,제주시,33.49778,126.52949,1992
그릴데미그라스,제주특별자치도 서귀포시 월드컵로 51,서귀포시,33.24442,126.510895,5087
연화키친,제주특별자치도 제주시 애월읍 상가로 51,제주시,33.448908,126.344049,9627
키아스마,제주특별자치도 서귀포시 남원읍 태위로 255,서귀포시,33.2738476,126.6572752,3649
이익새양과점,제주특별자치도 제주시 한림읍 명월성로 16,제주시,33.4070643,126.2655711,5208
대향연탄구이,제주특별자치도 서귀포시 태평로 407,서귀포시,33.244823,126.563866,2808
범일분식,제주특별자치도 서귀포시 남원읍 태위로 658,서귀포시,33.278404,126.717,1934
대수길다방,제주특별자치도 제주시 구좌읍 대수길 24,제주시,33.536611,126.8381958,5804
카페 도두,제주특별자치도 제주시 서해안로 342,제주시,33.510235,126.48173,10247
쫑이네밥집,제주특별자치도 서귀포시 성산읍 환해장성로 549,서귀포시,33.40525,126.903854,3578
컴홈,제주특별자치도 제주시 노형6길 9,제주시,33.483097,126.477234,3564
돈이랑 정육점식당,제주특별자치도 서귀포시 중문관광로 321,서귀포시,33.2490194,126.4301507,2832
어반르토아,제주특별자치도 제주시 구남동5길 36,제주시,33.491074,126.54205,3454
범선국수,제주특별자치도 제주시 우도면 우도해안길 832,제주시,33.51204,126.95887,979
탐라면,제주특별자치도 제주시 애월읍 애월로 37,제주시,33.462128,126.31228,4611
모모제이,제주특별자치도 제주시 인다8길 36-1,제주시,33.4261379,126.5626925,2941
그리다앤쿡,제주특별자치도 제주시 신성로 111,제주시,33.497475,126.530716,5800
전복사랑,제주특별자치도 제주시 서해안로 354,제주시,33.510433,126.483025,2022
돈수육,제주특별자치도 서귀포시 신서귀로 54,서귀포시,33.2536904,126.5117884,830
중문수두리보말칼국수,제주특별자치도 서귀포시 천제연로 192,서귀포시,33.2515765,126.4251078,36935
엘리펀시아,제주특별자치도 제주시 1100로 3124,제주시,33.483097,126.477234,4392
오름위에버거,제주특별자치도 제주시 한경면 녹차분재로 510,제주시,33.317596,126.270035,1282
고집돌우럭(중문),제주특별자치도 서귀포시 일주서로 879,서귀포시,33.25799,126.41676,48375
뚱딴지 애월본점,제주특별자치도 제주시 애월읍 부룡수길 17,제주시,33.4747059,126.3548576,2684
샤라의정원,제주특별자치도 제주시 조천읍 선교로 198-2,제주시,33.485813,126.699,6535
소금빵까페 키친오즈,제주특별자치도 제주시 한림읍 협재로 208,제주시,33.38007,126.25113,21961
춤추는오병장의돼지꿈,제주특별자치도 제주시 일주동로 291,제주시,33.5216,126.57609,1341
원담,제주특별자치도 제주시 동광로1길 13,제주시,33.5021563,126.5287933,484
오데뜨,제주특별자치도 제주시 한림읍 중산간서로 4995-6,제주시,33.4107396,126.2948737,4988
교래아름가든,제주특별자치도 제주시 조천읍 교래3길 24,제주시,33.43561,126.67878,2608
꼬꼬닭한마리,제주특별자치도 서귀포시 안덕면 녹차분재로 59번길 6,서귀포시,33.29061,126.300934,6132
탑동패밀리레스토랑,제주특별자치도 제주시 탑동로2길 3,제주시,33.517685,126.52346,1915
지오아라,제주특별자치도 서귀포시 안덕면 사계로114번길 54-86,서귀포시,33.23644,126.30779,10868
피쉬웍스,제주특별자치도 서귀포시 성산읍 환해장성로 913,서귀포시,33.43299,126.91497,2238
수다브런치카페,제주특별자치도 제주시 남광로2길 39-23,제주시,33.49074,126.54153,3040
돌미롱,제주특별자치도 제주시 인다15길 43,제주시,33.47146814,126.5512019,3567
공주네국수,제주특별자치도 제주시 삼봉로 353,제주시,33.4913874,126.5937826,352
제주바솔트,제주특별자치도 제주시 가령골3길 6,제주시,33.5041045,126.539253,508
해무,제주특별자치도 제주시 조천읍 함덕남4길 105,제주시,33.5280596,126.6687008,245
감미롭다 제주,제주특별자치도 서귀포시 막동산로 8-3,서귀포시,33.2571047,126.5246492,142
러프라이프커피,제주특별자치도 제주시 동광로2길 5,제주시,33.5007713,126.5307181,184
기억나는집,제주특별자치도 서귀포시 중앙로 6,서귀포시,33.245117,126.56229,18548
호텔샌드,제주특별자치도 제주시 한림읍 한림로 339,제주시,33.3940486,126.2405962,332
커피림,제주특별자치도 제주시 수목원길 27,제주시,33.469433,126.4882,3914
가파도 용궁정식,제주특별자치도 서귀포시 대정읍 가파로67번길 7,서귀포시,33.1661962,126.2730328,7317
신스버거,제주특별자치도 제주시 한림읍 월령2길 2,제주시,33.3746401,126.2166188,4170
달아래팥,제주특별자치도 제주시 한경면 낙수로 148,제주시,33.324066,126.22911,7975
뚱삼춘연탄구이,제주특별자치도 서귀포시 성산읍 한도로 124,서귀포시,33.46849,126.92127,3171
바사그미,제주특별자치도 제주시 1100로 2894-72,제주시,33.4517135,126.4901715,348
평대스낵,제주특별자치도 제주시 구좌읍 대수길 7,제주시,33.535458,126.839325,8051
신우성타운,제주특별자치도 서귀포시 중문관광로72번길 29-9,서귀포시,33.24968,126.41136,5244
미나식탁,제주특별자치도 제주시 구남동1길 46,제주시,33.476097,126.5543,3532
제주감자탕 탕자감,제주특별자치도 제주시 연동3길 14 (연동) 1층,제주시,33.488768,126.4879544,120
유끼네,제주특별자치도 서귀포시 표선면 성읍정의현로136번길 5-8,서귀포시,33.393875,126.7976,2900
하찌,제주특별자치도 서귀포시 호근남로 180,서귀포시,33.2452724,126.5370522,212
진미명가식당,제주특별자치도 서귀포시 안덕면 사계남로 167,서귀포시,33.2283602,126.3076807,5727
김지순의 낭푼밥상,제주특별자치도 제주시 연동6길 28,제주시,33.483483,126.4890064,60934
조셉마켓,제주특별자치도 제주시 서흘길 64 1층,제주시,33.530607,126.5911287,1608
영춘식당,제주특별자치도 제주시 평전길 12,제주시,33.5009142,126.5193476,3098
카페콧수염,제주특별자치도 제주시 구좌읍 해맞이해안로 402,제주시,33.559395,126.792915,9451
어머니와고등어,제주특별자치도 제주시 도두봉2길 43,제주시,33.5061518,126.4734167,6761
바다속고등어쌈밥,제주특별자치도 제주시 애월읍 일주서로 7089,제주시,33.484203,126.40683,22036
산호풍경,제주특별자치도 제주시 우도면 우도해안길 252,제주시,33.50263,126.94384,2699
헬로우우도,제주특별자치도 제주시 우도면 우도해안길 218,제주시,33.499863,126.9442,1625
카페 깡,제주특별자치도 서귀포시 표선면 가시로565번길 18,서귀포시,33.35335,126.77206,2414
춘심이네,제주특별자치도 서귀포시 안덕면 창천중앙로24번길 16,서귀포시,33.2647887,126.3707772,56532
흑돼지해물삼합,제주특별자치도 서귀포시 태평로482번길 50,서귀포시,33.2457229,126.5704185,638
재복헌훠궈,제주특별자치도 서귀포시 안덕면 신화역사로304번길 38,서귀포시,33.3017501,126.3206458,4886
블루밍제이,제주특별자치도 제주시 한림읍 명월로2길 6,제주시,33.3877056,126.2654377,2946
명물,제주특별자치도 제주시 탑동로11길 2-1,제주시,33.5166654,126.517019,4570
오조해녀의 집,제주특별자치도 서귀포시 성산읍 한도로 141-13,서귀포시,33.4698069,126.9223318,9370
순풍해장국,제주특별자치도 제주시 일주동로 355,제주시,33.521584,126.58313,3729
코너스윗,제주특별자치도 제주시 제원길 14,제주시,33.488663,126.48927,1498
추자도중앙식당,제주특별자치도 제주시 추자면 추자로 8,제주시,33.9642903,126.2929862,4695
513텐동,제주특별자치도 제주시 테우해안로 46,제주시,33.4957783,126.4400377,1360
커먼브릭,제주특별자치도 제주시 월랑로 9,제주시,33.48694,126.4781,2880
봉평메밀가,제주특별자치도 제주시 신대로 10길 41,제주시,33.490746,126.492294,1905
중문랜드프리미엄뷔페,제주특별자치도 서귀포시 소보리당로164번길 62,서귀포시,33.2639753,126.3852041,13828
영주말가든,제주특별자치도 제주시 연북로 196,제주시,33.4812401,126.5019857,11881
오로라식당,제주특별자치도 제주시 우도면 우도로 174 농협 건너편,제주시,33.50793,126.95436,3719
파라다이스비치,제주특별자치도 제주시 구좌읍 김녕로21길 9,제주시,33.556812,126.75539,720
둥지식당,제주특별자치도 서귀포시 성산읍 성산등용로 96-3,서귀포시,33.4699665,126.9303414,8645
지붕위제주바다,제주특별자치도 제주시 구좌읍 평대2길 17,제주시,33.532677,126.83775,10836
생돈우리,제주특별자치도 제주시 우평로 38,제주시,33.479877,126.461846,22853
새로나분식,제주특별자치도 서귀포시 중앙로42번길 24,서귀포시,33.248577,126.56425,1544
추가네,제주특별자치도 제주시 서사로 176(오라일동),제주시,33.496532,126.51957,2242
아지 함덕점,제주특별자치도 제주시 조천읍 조함해안로 490,제주시,33.54256,126.66524,1724
마린보이횟집,제주특별자치도 제주시 어영길 10,제주시,33.5191024,126.4941597,7226
흑염소마루,제주특별자치도 서귀포시 남원읍 태위로663번길 1-1,서귀포시,33.27901,126.71733,6148
낭뜰에쉼팡,제주특별자치도 제주시 조천읍 남조로 2343,제주시,33.4735321,126.6571882,26031
장승포식당,제주특별자치도 서귀포시 성산읍 동류암로 32,서귀포시,33.449215,126.91693,5265
한림칼국수,제주특별자치도 제주시 한림읍 한림해안로 139,제주시,33.4155701,126.2615642,39721
제대가는길,제주특별자치도 제주시 제주대학로 75-1,제주시,33.459724,126.5585,7265
밤수중 협재점,제주특별자치도 제주시 한림읍 한림로 475,제주시,33.4020165,126.251045,466
섯동네해녀의집,제주특별자치도 제주시 우도면 연평리 2515-5,제주시,33.502247,126.943825,3535
바이닐 제주,제주특별자치도 제주시 한림읍 한림로 470,제주시,33.4014295,126.2510304,676
와토커피,제주특별자치도 서귀포시 대정읍 동일하모로 238,서귀포시,33.2254,126.25662,6230
중문별장,제주특별자치도 서귀포시 천제연로 337,서귀포시,33.2522085,126.440396,201
커피잇수다,제주특별자치도 서귀포시 성산읍 일출로 280,서귀포시,33.462593,126.93484,1600
나루면빨,제주특별자치도 제주시 애월읍 고내로9길 44-2,제주시,33.466644,126.3384,2288
이스트엔드,제주특별자치도 제주시 구좌읍 종달로1길 123,제주시,33.496372,126.908394,1394
황궁쟁반탐라원,제주특별자치도 제주시 원노형6길 7(노형동),제주시,33.485336,126.483,5033
금뽕똘향토음식점,제주특별자치도 제주시 번영로 500 (봉개동),제주시,33.489517,126.5954,8561
제라한보쌈,제주특별자치도 제주시 정존1길 33,제주시,33.4833202,126.4704267,9099
대광장식당,제주특별자치도 서귀포시 중앙로 79,서귀포시,33.2516803,126.5610421,5540
미원,제주특별자치도 제주시 원노형6길 10,제주시,33.48518,126.48274,1450
강해일횟집,제주특별자치도 서귀포시 표선면 표선당포로 14,서귀포시,33.325714,126.84444,5735
한라앤탐,제주특별자치도 서귀포시 남원읍 위미중앙로300번길 8,서귀포시,33.272984,126.67426,9510
괸당네식당,제주특별자치도 서귀포시 성산읍 독자봉로 2,서귀포시,33.383244,126.876884,4189
비원,제주특별자치도 제주시 수목원길 3,제주시,33.470055,126.4862,2847
대담 애월본점,제주특별자치도 제주시 애월읍 일주서로 7035,제주시,33.4825562,126.4013287,964
도두해녀의집,제주특별자치도 제주시 도두항길 16,제주시,33.5062012,126.4666854,33476
솔지식당 시청점,제주특별자치도 제주시 광양13길 14,제주시,33.4991033,126.5318381,654
동도원,제주특별자치도 서귀포시 이어도로 189,서귀포시,33.2395395,126.4418614,9903
비밀역,제주특별자치도 서귀포시 안덕면 화순중앙로124번길 26-1,서귀포시,33.241861,126.3326499,534
경주네횟집,제주특별자치도 제주시 연동6길 28,제주시,33.483482,126.489006,3612
해월향,제주특별자치도 서귀포시 성산읍 고성오조로 33,서귀포시,33.446968,126.914444,3920
만민식당,제주특별자치도 제주시 한림읍 중산간서로 4618-1,제주시,33.3839454,126.2843175,10788
바다를본돼지(판포점),제주특별자치도 제주시 한경면 판포1길 16,제주시,33.3656791,126.1979116,16418
옹포별장가든,제주특별자치도 제주시 한림읍 한림상로 24,제주시,33.40497,126.25798,4602
금보,제주특별자치도 제주시 서부두길 14,제주시,33.5174829,126.5284174,2116
제일식당,제주특별자치도 제주시 추자면 추자로 16-2,제주시,33.9636368,126.2972765,4648
거부한정식(신제주점),제주특별자치도 제주시 제원4길 3,제주시,33.486347,126.48893,6467
젠하이드어웨이,제주특별자치도 서귀포시 안덕면 사계남로 186-8,서귀포시,33.229233,126.30862,29737
뜰향기,제주특별자치도 제주시 조천읍 남조로 2326,제주시,33.499622,126.53119,5056
시흥해녀의집,제주특별자치도 서귀포시 성산읍 시흥하동로 114,서귀포시,33.477978,126.90835,8753
원항아리칼국수보쌈,제주특별자치도 제주시 복지로1길 11,제주시,33.488648,126.5204611,3302
거닐다,제주특별자치도 서귀포시 안덕면 대평감산로 9,서귀포시,33.235462,126.366776,1462
한라마테우리,제주특별자치도 제주시 일주동로 102,제주시,33.5151364,126.5581849,878
다미진,제주특별자치도 서귀포시 표선면 민속해안로 578-1,서귀포시,33.325073,126.84412,5192
리부아르,제주특별자치도 제주시 애월읍 애월해안로 686,제주시,33.4819259,126.375227,744
연미정,제주특별자치도 제주시 세평항로 14,제주시,33.524647,126.85387,12539
뵈뵈,제주특별자치도 제주시 구좌읍 계룡길 73,제주시,33.519325,126.811104,3242
양가형제,제주특별자치도 제주시 한경면 청수동8길 3,제주시,33.307373,126.2541,24234
모락,제주특별자치도 제주시 구좌읍 월정7길 58,제주시,33.555443,126.79596,2760
덤장,제주특별자치도 제주시 용문로 48,제주시,33.50411,126.50143,12453
플로웨이브,제주특별자치도 제주시 한림읍 장원길 63-12,제주시,33.4135624,126.2828649,1728
또또시,제주특별자치도 서귀포시 쇠소깍로 151-8,서귀포시,33.250526,126.62091,6368
대원가,제주특별자치도 제주시 도남로16길 15,제주시,33.491524,126.52702,5946
한치앞도모를바다,제주특별자치도 제주시 한림읍 협재6길 9,제주시,33.394592,126.2425,8447
중문자연산횟집,제주특별자치도 서귀포시 중문로 11,서귀포시,33.25296,126.423386,4375
이끼숲소길,제주특별자치도 제주시 애월읍 장소로 621,제주시,33.41014,126.38997,4812
브릭스 제주,제주특별자치도 제주시 구좌읍 김녕로2길 6,제주시,33.554623,126.74302,5004
카페루시아,제주특별자치도 서귀포시 안덕면 난드르로 49-17,서귀포시,33.234962,126.36379,8849
돈돼지흑돼지,제주특별자치도 서귀포시 표선면 표선백사로 108,서귀포시,33.3225332,126.8228665,3454
마돈,제주특별자치도 서귀포시 성산읍 섭지코지로 56,서귀포시,33.4375266,126.9218868,7132
어장군,제주특별자치도 제주시 신대로 72,제주시,33.4909667,126.4962028,304
별방21,제주특별자치도 제주시 구좌읍 문주란로1길 74-20,제주시,33.514984,126.88177,1364
순이네해장국,제주특별자치도 제주시 오복4길 8,제주시,33.4954211,126.5363706,4948
상춘재,제주특별자치도 제주시 조천읍 선진길 26,제주시,33.45866,126.70484,19482
봉끄랑,제주특별자치도 제주시 우도면 우도해안길 144,제주시,33.4943265,126.9451046,14693
타코마씸,제주특별자치도 제주시 구좌읍 해맞이해안로 474,제주시,33.55505,126.79723,3967
로뎀가든,제주특별자치도 제주시 우도면 우도해안길 264,제주시,33.50358,126.94283,12783
청춘다락,제주특별자치도 제주시 애월읍 일주서로 6755,제주시,33.473713,126.37357,2218
신제주보말칼국수,제주특별자치도 제주시 선덕로5길 19,제주시,33.4879188,126.5000451,1081
몽상드애월(몽상),제주특별자치도 제주시 애월읍 애월북서길 56-1,제주시,33.463326,126.309204,118830
88버거,제주특별자치도 서귀포시 동문로 63 (서귀동),서귀포시,33.249256,126.56721,13307
포도원흑돼지,제주특별자치도 제주시 1100로 3155,제주시,33.4681555,126.4847313,7555
사방팔방,제주특별자치도 제주시 우정로10길 12,제주시,33.4888877,126.4296093,4876
망고레이,제주특별자치도 제주시 우도면 우도로 1,제주시,33.5033191,126.9556775,11363
신동성식당,제주특별자치도 서귀포시 토평남로 109,서귀포시,33.2676528,126.5893094,4674
파리바게트 성산일출봉점,제주특별자치도 서귀포시 성산읍 일출로 270-1,서귀포시,33.46191,126.934555,511
과수원집,제주특별자치도 제주시 천수동로 35,제주시,33.507515,126.546295,3346
임제,제주특별자치도 제주시 탑동로 126,제주시,33.5140071,126.5176647,646
우뭇개일번지,제주특별자치도 서귀포시 성산읍 일출로 288,서귀포시,33.4631283,126.9352404,1753
비자림부엉이,제주특별자치도 제주시 구좌읍 비자숲길 34,제주시,33.493973,126.810907,3152
돔베돈 공항점,제주특별자치도 제주시 연삼로 316,제주시,33.49179,126.52639,2209
이재모피자,제주특별자치도 제주시 간월동로 6,제주시,33.4852049,126.5434909,4310
운정이네,제주특별자치도 서귀포시 안덕면 일주서로 1524,서귀포시,33.258415,126.35306,52096
신설오름,제주특별자치도 제주시 고마로17길 2,제주시,33.50546,126.54163,20229
청정제주밥집&카페,제주특별자치도 서귀포시 중정로 22 (서귀동),서귀포시,33.499622,126.53119,2305
독도참치,제주특별자치도 서귀포시 동문로 62-1,서귀포시,33.249107,126.56686,3642
조마루뼈다귀서귀포점,제주특별자치도 서귀포시 동홍동로 13,서귀포시,33.2561,126.574745,2298
제주도푸른밥,제주 제주시 조천읍 조함해안로 29,제주시,33.5396,126.63705,9655
몽생이,제주특별자치도 제주시 한경면 녹차분재로 628,제주시,33.3246425,126.2605156,6666
바당꺼몬딱,제주특별자치도 제주시 우도면 우도해안길 144,제주시,33.49418,126.945274,3677
듀포레,제주특별자치도 제주시 서해안로 579,제주시,33.5184457,126.5000695,2034
달콤한휴식,제주특별자치도 제주시 애월읍 천덕로 395,제주시,33.4227568,126.3362041,6729
낙화곡주(구.우도주막),제주특별자치도 제주시 우도면 주흥1길 21,제주시,33.516388,126.94998,1592
파리바게트 도남점,제주특별자치도 제주시 도남로 53,제주시,33.495583,126.52748,5584
솔트스톤브이점,제주특별자치도 제주시 광양14길 14-1,제주시,33.4979387,126.5289972,310
성산맛집 성환이네 닭칼국수,제주특별자치도 서귀포시 성산읍 동류암로36번길 6,서귀포시,33.4495038,126.9166722,578
꽃까스,제주특별자치도 서귀포시 천제연로 172 (중문동),서귀포시,33.2517185,126.4230011,246
탐라가든,제주특별자치도 제주시 서사로 51,제주시,33.5078047,126.5202328,4350
짬뽕에취한날,제주특별자치도 제주시 귀아랑2길 4,제주시,33.491146,126.497894,6723
성산포뚝배기,제주특별자치도 서귀포시 성산읍 일출로 236,서귀포시,33.46017,126.93126,1998
쌍둥이횟집본점,제주특별자치도 서귀포시 중정로62번길 14,서귀포시,33.24659,126.562996,20369
돈풍년,제주특별자치도 제주시 승천로 52,제주시,33.492493,126.54009,3582
알라스카인제주 용담점,제주특별자치도 제주시 서해안로 468-2,제주시,33.51855,126.48934,2256
마라도해녀촌짜장,제주특별자치도 서귀포시 대정읍 마라로 41,서귀포시,33.119938,126.26721,4705
어우늘,제주특별자치도 제주시 연북로 222,제주시,33.481052,126.50499,4583
황금손가락,제주특별자치도 제주시 구남동1길 44,제주시,33.49308,126.54125,5629
심봉사눈뜬톳해물짜장짬뽕,제주특별자치도 서귀포시 대정읍 마라로 43,서귀포시,33.119724,126.26715,3122
머들왓,제주특별자치도 제주시 구좌읍 덕행로 490,제주시,33.510315,126.77744,902
단소,제주특별자치도 제주시 애월읍 애월로 139-4,제주시,33.4644623,126.3225807,216
진고개가든,제주특별자치도 서귀포시 남성중로 155,서귀포시,33.245605,126.55323,1244
탐라흑돼지,제주특별자치도 서귀포시 성산읍 성산중앙로 60-1,서귀포시,33.464703,126.93501,4040
해운대가든,제주특별자치도 서귀포시 태평로 122,서귀포시,33.244057,126.53643,2330
추자본섬,제주특별자치도 제주시 선덕로 14-1,제주시,33.4854498,126.4981708,1282
제주정,제주특별자치도 제주시 일주동로 320,제주시,33.521053,126.57905,3874
수월봉 가마솥순대국,제주특별자치도 제주시 한경면 고산서2길 18,제주시,33.3007773,126.1777823,3658
돌집식당,제주특별자치도 서귀포시 표선면 서성일로 23,서귀포시,33.39403,126.800644,6493
예지원,제주특별자치도 서귀포시 천제연로 129,서귀포시,33.254017,126.41936,6913
한라식당,제주특별자치도 서귀포시 표선면 성읍정의현로 22번길 8,서귀포시,33.384098,126.807465,9867
양촌리마을,제주특별자치도 제주시 진군길 31-5,제주시,33.479332,126.48151,4330
카페마니,제주특별자치도 제주시 구좌읍 해맞이해안로 1112,제주시,33.53737,126.83743,18014
수철이네 왕새우튀김 제주성산점,제주특별자치도 서귀포시 성산읍 일출로 282,서귀포시,33.462666,126.93495,1209
산토샤,제주특별자치도 서귀포시 안덕면 산방로 415,서귀포시,33.2305417,126.2929142,110
삼무국수,제주특별자치도 제주시 삼무로3길 46-1,제주시,33.490567,126.491045,16378
오드랑 베이커리앤카페 신촌점,제주특별자치도 제주시 조천읍 조천우회로 104,제주시,33.5249629,126.6205685,1072
목민,제주특별자치도 제주시 신성로 51,제주시,33.4959536,126.5250016,86
틴크레스트,제주특별자치도 제주시 첨단동길 160-20,제주시,33.4544337,126.5864979,294
색달식당,제주특별자치도 서귀포시 예래로 255-18,서귀포시,33.2418535,126.386379,6816
아일랜드조르바,제주특별자치도 제주시 구좌읍 대수길 9,제주시,33.535576,126.83914,4527
금강민물장어,제주특별자치도 서귀포시 일주동로 8597,서귀포시,33.25429,126.56952,4869
바다목장 횟집,제주시 조천읍 조함해안로 530,조천읍,33.54248,126.66959,1110
제주바다바다,제주특별자치도 제주시 정존1길 2,제주시,33.481594,126.472855,32421
제주광어직판장,제주특별자치도 서귀포시 표선면 표선당포로 7,서귀포시,33.325676,126.84353,2914
중화요리 사해방,제주특별자치도 서귀포시 천제연로 263,서귀포시,33.2515411,126.4327965,5386
우무(umu),제주특별자치도 제주시 한림읍 한림로 542-1,제주시,33.4059055,126.2565392,24446
벨로인카페,제주특별자치도 제주시 서해안로 150 (도두일동),제주시,33.503025,126.4655,2033
명랑스낵,제주특별자치도 제주시 한림읍 한림로 585,제주시,33.409283,126.258835,42480
레이지박스,제주특별자치도 서귀포시 안덕면 산방로 208,서귀포시,33.23642,126.31295,5049
델문도,제주특별자치도 제주시 조천읍 조함해안로 519-10,제주시,33.54379,126.668846,57034
이돈갓시청점,제주특별자치도 제주시 광양14길 9,제주시,33.497944,126.52979,3732
알라스카인제주,제주특별자치도 제주시 조천읍 신북로 572,제주시,33.5401,126.67042,4763
예소담,제주특별자치도 제주시 천수로 6,제주시,33.50243,126.5379,1253
연우네,제주특별자치도 제주시 은수길 110,제주시,33.466785,126.48782,5157
노을언덕,제주특별자치도 제주시 서해안로 360,제주시,33.5106119,126.4834798,6315
에너벨리,제주특별자치도 제주시 한림읍 한림로 356,제주시,33.394806,126.24187,3822
오끼416갤러리,제주특별자치도 서귀포시 남원읍 태수로358번길 3-1,서귀포시,33.311317,126.72263,5778
성산마씸,제주특별자치도 서귀포시 성산읍 한도로 257,서귀포시,33.4660428,126.9349533,526
신산리마을카페,제주특별자치도 서귀포시 성산읍 환해장성로 33,서귀포시,33.37661,126.876945,11501
전원일기,제주특별자치도 서귀포시 일주동로 8713,서귀포시,33.2523783,126.5576332,19548
창훈이네,제주특별자치도 서귀포시 칠십리로 77,서귀포시,33.239925,126.56447,4109
착한제주고등어,제주특별자치도 제주시 동문로11길 5,제주시,33.5135933,126.531217,514
카페동백,제주특별자치도 제주시 조천읍 동백로 68,제주시,33.4777041,126.7135515,17301
와팡,제주특별자치도 서귀포시 이어도로 36-30,서귀포시,33.2377549,126.4250671,4215
제주진미마돈가,제주특별자치도 서귀포시 안덕면 대평감산로 17,서귀포시,33.24599,126.3663,11551
천하대장군,제주특별자치도 제주시 진군4길 30,제주시,33.483098,126.4772312,6058
바람기억,제주특별자치도 제주시 조천읍 조함해안로 514,제주시,33.542492,126.66759,2526
알라스카인제주 애월점,제주특별자치도 제주시 애월읍 애월해안로 232,제주시,33.467075,126.33681,1400
남해횟집,제주특별자치도 제주시 국기중길 3,제주시,33.4806482,126.4913547,6641
24시 뼈다귀탕 제주점,제주특별자치도 제주시 동광로 19-1,제주시,33.5018743,126.5310911,3350
일통이반,제주특별자치도 제주시 중앙로2길 25,제주시,33.5170648,126.5221484,14828
카카듀,제주특별자치도 제주시 박성내서길 18,제주시,33.491295,126.54184,2305
육갑봉,제주특별자치도 제주시 신설로11길 2-9,제주시,33.49104,126.544846,3570
육값하네식육가든,제주특별자치도 서귀포시 남원읍 남조로 141,서귀포시,33.29226,126.72196,4510
제주슬로비,제주특별자치도 제주시 애월읍 애원로 4,제주시,33.46403,126.31984,2442
삼수정,제주특별자치도 서귀포시 성산읍 동류암로 45,서귀포시,33.448635,126.91573,3160
누바비치,제주특별자치도 서귀포시 대포로 148-15,서귀포시,33.2373994,126.4367119,38551
서우봉가든,제주특별자치도 제주시 조천읍 함대로 78,제주시,33.53723,126.65838,3694
에이바우트 스타디움,제주특별자치도 제주시 거로남4길 57-15,제주시,33.5048668,126.564294,642
생이소리,제주특별자치도 제주시 명림로 231,제주시,33.466843,126.6114,4612
제주맛촌본점,제주특별자치도 제주시 서해안로 546,제주시,33.519913,126.49706,2040
바램목장&카페,제주특별자치도 서귀포시 안덕면 신화역사로 611,서귀포시,33.3115492,126.3526353,1646
황금어장(제주시),제주특별자치도 제주시 사장길 14,제주시,33.4843984,126.4955557,15163
앨리스 카페,제주 제주시 서광로32길 36-1,제주시,33.49756,126.52962,3800
카페헤밍웨이,제주특별자치도 제주시 한림읍 한림로 431,제주시,33.39981,126.247475,4941
짜장면시키신분 마라점,제주특별자치도 서귀포시 대정읍 마라로 48,서귀포시,33.1194634,126.2669391,3876
돈마구이해장국(연동점),제주특별자치도 제주시 삼동길 60,제주시,33.4791,126.49498,3761
순옥이네 명가,제주 제주시 도공로 8,제주시,33.505558,126.465065,91773
순정문어,제주특별자치도 제주시 서해안로 579,제주시,33.518528,126.50028,5611
윤재커피,제주특별자치도 제주시 중앙로12길 1,제주시,33.5118023,126.5241119,126
서귀포갈비,제주특별자치도 서귀포시 동홍로 42,서귀포시,33.252373,126.56801,5788
황토기와집,제주특별자치도 서귀포시 일주서로 1102,서귀포시,33.26386,126.395355,4213
북촌에가면,제주특별자치도 제주시 조천읍 북촌5길 6,제주시,33.547928,126.69252,26482
컴포트브라운,제주특별자치도 제주시 구좌읍 충렬로 141-1,제주시,33.5112683,126.8480361,104
유인원,제주특별자치도 서귀포시 대정읍 무영로254번길 17,서귀포시,33.2824806,126.2242154,178
코코찌봉,제주특별자치도 제주시 구좌읍 세평항로 26,제주시,33.52557,126.854416,1174
삼계절,제주특별자치도 제주시 연신로 51,제주시,33.497142,126.5469051,124
현경식당,제주특별자치도 제주시 동광로1길 32,제주시,33.5032944,126.527915,2192
텍시아,제주특별자치도 제주시 구좌읍 평대2길 39-28,제주시,33.5355,126.838974,5397
올랭이와물꾸럭,제주특별자치도 서귀포시 대정읍 신영로 93-5,서귀포시,33.221058,126.25294,9782
미친부엌,제주특별자치도 제주시 탑동로 15,제주시,33.517007,126.5231956,47302
만배성,제주특별자치도 제주시 아연로 484-9,제주시,33.4740849,126.5325069,1808
던스페이스,제주특별자치도 제주시 서해안로 512,제주시,33.5195001,126.4937234,1153
다올터해장국,제주특별자치도 서귀포시 동문동로 6,서귀포시,33.249847,126.567444,2274
도희네칼국수,제주특별자치도 서귀포시 안덕면 중산간서로 1957,서귀포시,33.2896606,126.3148155,7638
피자굽는돌하르방,제주특별자치도 제주시 한경면 청수로 218,제주시,33.30488,126.25584,7287
제주초가집,제주특별자치도 서귀포시 안덕면 화순해안로 189,서귀포시,33.2455401,126.3387106,236
겐짱야,제주특별자치도 제주시 월광로 140,제주시,33.4909622,126.4730345,4762
누리해장국,제주특별자치도 제주시 번영로 485,제주시,33.4910712,126.5941095,5572
델리지아레스토랑,"제주특별자치도 서귀포시 중문관광로 224 제주국제컨벤션센터 3F,4F",서귀포시,33.24167,126.424164,10967
무진장회식당,제주특별자치도 제주시 서광로2길 11-9,제주시,33.4991108,126.513764,5470
제주당 베이커리 카페,제주특별자치도 제주시 애월읍 월각로 927,제주시,33.364338,126.3552026,11999
젠칸투스,제주특별자치도 제주시 연삼로 145,제주시,33.4932876,126.5076069,146
잉겅 한림협재흑돼지,제주특별자치도 제주시 한림읍 한림로 333,제주시,33.3936152,126.2401205,272
섬채,제주특별자치도 제주시 오라로 61,제주시,33.496075,126.51023,8205
효선떡방,제주특별자치도 제주시 칠성로길 41,제주시,33.5143681,126.5272508,306
블랙포엠,제주특별자치도 제주시 조천읍 조함해안로 476-1,제주시,33.531406,126.66637,4083
건달다방,제주특별자치도 제주시 아란13길 32,제주시,33.4692155,126.5443585,3597
커피구십구점구(99.9),제주특별자치도 제주시 1100로 3173,제주시,33.469868,126.48469,2586
사계바다,제주특별자치도 서귀포시 안덕면 형제해안로 26,서귀포시,33.227848,126.30391,21345
부두식당 (모슬포),제주특별자치도 서귀포시 대정읍 하모항구로 62,서귀포시,33.218906,126.25106,24852
사랑분식,제주특별자치도 제주시 동문로4길 12,제주시,33.5124677,126.5278416,518
부르네비어가든,제주특별자치도 제주시 서해안로 376,제주시,33.51215,126.4844,5810
다이노바이트 샌드위치,제주특별자치도 제주시 관덕로 16,제주시,33.5128409,126.5209308,2728
화진전복,제주특별자치도 제주시 무근성길 2,제주시,33.517925,126.51913,4252
어부랑누이랑,제주특별자치도 서귀포시 막숙포로 66-1,서귀포시,33.23558,126.51464,2349
명호돗갈비,제주특별자치도 서귀포시 안덕면 대평로 51,서귀포시,33.2373608,126.3623407,506
핫마마,제주특별자치도 서귀포시 안덕면 녹차분재로 193,서귀포시,33.2988877,126.2938139,224
서연의집(영화 건축학개론),제주특별자치도 서귀포시 남원읍 위미해안로 86,서귀포시,33.269413,126.655876,95908
붉은제주,제주특별자치도 제주시 애월읍 애월로 37,제주시,33.462128,126.31228,32679
오가네전복설렁탕,제주특별자치도 서귀포시 중산간동로 7738,서귀포시,33.26826,126.58964,21062
알라스카인제주 제주항공우주박물관점,제주특별자치도 서귀포시 안덕면 녹차분재로 218,서귀포시,33.30297,126.299065,1448
메밀꽃차롱,제주특별자치도 제주시 연오로 136 (연동),제주시,33.481255,126.500824,15189
수제홍과일모찌,제주특별자치도 제주시 연동14길 14,제주시,33.48444,126.494316,6134
라포레사려니,제주특별자치도 제주시 조천읍 비자림로 685-3,제주시,33.43689,126.67991,4679
그때그맛,제주특별자치도 서귀포시 성산읍 금백조로 68,서귀포시,33.43983,126.86581,1002
시스터필드,제주특별자치도 서귀포시 월드컵로 8,서귀포시,33.2490312,126.5074027,7054
아이스크림연구소(올레시장점),제주특별자치도 서귀포시 중앙로 54번길 14,서귀포시,33.24591,126.56238,4044
넉둥베기 고사리육개장,제주특별자치도 제주시 서문로 9-1,제주시,33.5098623,126.5126215,14059
해일리 카페,제주특별자치도 서귀포시 성산읍 한도로 269-37,서귀포시,33.4689926,126.9350866,1390
프릳츠 제주성산점,제주특별자치도 서귀포시 성산읍 일출로 222,서귀포시,33.4595153,126.9301841,666
파리바게뜨 성산일출봉점,제주특별자치도 서귀포시 성산읍 일주동로 4282,서귀포시,33.4462219,126.9112596,12054
타임스탬프,제주특별자치도 제주시 조천읍 신북로 92-1 1층,제주시,33.5349392,126.6237679,3235
섭지코지화덕피자,제주특별자치도 서귀포시 성산읍 신양로 102,서귀포시,33.43642,126.92064,2726
빌라드아토,제주특별자치도 서귀포시 태평로 413,서귀포시,33.244972,126.56462,4383
나까무라,제주특별자치도 제주시 중앙로 214,제주시,33.5002191,126.5291993,3094
도그헤븐 애견카페,제주특별자치도 제주시 삼무로 74,제주시,33.4895616,126.4945088,584
쪼끌락,제주특별자치도 제주시 구좌읍 김녕로21길 21,제주시,33.55773,126.75526,8391
비양도 올레카페,제주특별자치도 제주시 한림읍 비양도길 24,제주시,33.405266,126.228966,4233
김희선몸국,제주특별자치도 제주시 어영길 45-6,제주시,33.5185392,126.4981208,49795
선우식당,제주특별자치도 제주시 남광북1길 38 (이도이동),제주시,33.49629,126.53728,3125
모해 통갈치화덕구이전문점,제주특별자치도 서귀포시 성산읍 일출로 267,서귀포시,33.4616976,126.9338917,14738
무뚱 식도락 식당,제주특별자치도 서귀포시 남원읍 태위로689번길 10,서귀포시,33.2803755,126.7201346,12223
짜이다방,제주특별자치도 서귀포시 안덕면 사계남로 239,서귀포시,33.2343766,126.3082325,1920
화로향,제주특별자치도 제주시 관덕로15길 27,제주시,33.5157096,126.5267544,11474
24시 뼈다귀탕,제주특별자치도 제주시 삼무로 47,제주시,33.4900966,126.4917675,2202
Osds 협재,제주특별자치도 제주시 한림읍 협재8길 22,제주시,33.3947605,126.2446353,244
해림식당,제주특별자치도 제주시 남성로 12,제주시,33.5012166,126.5131204,332
홍요깃거리,제주특별자치도 제주시 신대로13길 36-1,제주시,33.4873244,126.5002749,3328
다미회,제주특별자치도 제주시 동광로2길 9-4,제주시,33.500893,126.53096,4482
팜알로하,제주특별자치도 서귀포시 쇠소깍로 122,서귀포시,33.252598,126.62252,2546
고집돌우럭(제주공항점),제주특별자치도 제주시 임항로 30,제주시,33.5163432,126.5281752,49872
성산회관,제주특별자치도 서귀포시 성산읍 성산중앙로 8,서귀포시,33.460884,126.93156,25153
다해복국,제주특별자치도 제주시 문송1길 17 (연동),제주시,33.488197,126.49919,4938
대포횟집,제주특별자치도 서귀포시 대포로 169 (대포동),서귀포시,33.239067,126.43923,8519
이가 흑돼지,제주특별자치도 제주시 진군1길 17,제주시,33.4788455,126.4803929,756
만세국수,제주특별자치도 제주시 오라로 152,제주시,33.4940741,126.5188397,3470
국수와냉면,제주특별자치도 제주시 탑동로 31-1,제주시,33.5174322,126.5215039,3786
그옛맛,제주특별자치도 제주시 서사로24길 12,제주시,33.498505,126.51864,5394
마두천손칼국수,제주특별자치도 제주시 용해로 45,제주시,33.51312,126.50292,7705
이찌방,제주특별자치도 제주시 삼양2동 2332-5,제주시,33.518547,126.58062,1182
은혜전복,제주특별자치도 제주시 애월읍 애월로1길 24-3,제주시,33.46293,126.31022,8474
미나리식당,제주특별자치도 서귀포시 중앙로59번길 11,서귀포시,33.249664,126.56034,4464
산내들맛집,제주특별자치도 제주시 서광로4길 16,제주시,33.4986386,126.5140831,4116
서귀포손칼국수,제주특별자치도 서귀포시 중앙로42번길 6-1,서귀포시,33.248276,126.562454,1798
해월정,제주특별자치도 제주시 구좌읍 해맞이해안로 2340,제주시,33.4880673,126.8804954,34655
돈사촌 외도점,제주특별자치도 제주시 우평로 283,제주시,33.4839514,126.4364357,11605
나무카페,제주특별자치도 제주시 조천읍 선교로 560,제주시,33.45616,126.7105,8274
호루의한끼,제주특별자치도 서귀포시 516로277번길 29,서귀포시,33.2787571,126.583096,506
어부와농부,제주특별자치도 서귀포시 천제연로 89,서귀포시,33.2550682,126.4152148,5476
닐모리동동,제주특별자치도 제주시 서해안로 452,제주시,33.517693,126.487625,17925
호임당,제주특별자치도 제주시 월대1길 9,제주시,33.4944292,126.4333383,110
소반,제주특별자치도 서귀포시 중동로 23,서귀포시,33.251976,126.566154,6079
돈향기,제주특별자치도 제주시 관덕로15길 30,제주시,33.5158029,126.5270908,4679
마운트 에베레스트 레스토랑,제주특별자치도 제주시 중앙로7길 9,제주시,33.5150318,126.5256725,496
ROAD129(로드129),제주특별자치도 제주시 애월읍 애월로 129,제주시,33.46433,126.321106,10543
감나무집,제주특별자치도 제주시 오남로 12,제주시,33.4941877,126.5195932,5712
수국향,제주특별자치도 제주시 구좌읍 종달로5길 31-1,제주시,33.49332,126.89948,1266
떡볶이대학 라면학과,제주특별자치도 제주시 진군3길 27-27(노형동),제주시,33.47692,126.47769,1764
공설식당,제주특별자치도 제주시 서사로 172 (오라일동),제주시,33.49705,126.51955,1640
물메골,제주특별자치도 제주시 애월읍 번대동길 67,제주시,33.47298,126.391335,3403
탑부평,제주특별자치도 제주시 관덕로15길 26,제주시,33.5155173,126.5270364,9605
고객식당,제주특별자치도 제주시 오현길 78-6 1층,제주시,33.51158,126.5261,4110
모리노아루요,제주특별자치도 제주시 애월읍 하소로 769-58,제주시,33.4193673,126.4015222,25209
곱들락,제주특별자치도 제주시 조천읍 함덕18길 19,제주시,33.5394513,126.6704513,12975
쓰쓰카페,제주특별자치도 제주시 한경면 성굴로 34-6,제주시,33.3382691,126.1837415,2608
민경이네어등포해녀촌,제주특별자치도 제주시 구좌읍 해맞이해안로 830,제주시,33.553665,126.825775,12981
하늘채가든,제주특별자치도 제주시 오등14길 4,제주시,33.4747666,126.530338,4732
창천삼거리식당,제주특별자치도 서귀포시 안덕면 일주서로 1332,서귀포시,33.26495,126.37126,6301
이리로카페,제주특별자치도 제주시 애월읍 광령평화2길 142-19 (광령리) 1층,제주시,33.4034138,126.4508866,224
미주크크,제주특별자치도 제주시 동광로5길 26,제주시,33.5038019,126.5306509,232
행복한시저네,제주특별자치도 서귀포시 막동산로 5-4,서귀포시,33.2567525,126.525243,8807
시소카이막,제주특별자치도 제주시 애월읍 애월해안로 564-1,제주시,33.4779475,126.3643057,3382
헤이브라더,제주특별자치도 서귀포시 안덕면 형제해안로 72,서귀포시,33.2255616,126.2996722,14119
홍도니,제주특별자치도 제주시 연북로 187,제주시,33.4479443,126.5134221,4126
해지개,제주특별자치도 제주시 애월읍 애월북서길 52,제주시,33.4642136,126.3089572,504
종이비행기,제주특별자치도 제주시 구좌읍 해맞이해안로 1446,제주시,33.524647,126.85994,2802
살롱드라방 SALON de LAVANT,제주특별자치도 제주시 애월읍 하가로 146-9,제주시,33.499622,126.53119,15824
동우네,제주특별자치도 제주시 천수로 52,제주시,33.503822,126.54245,2363
딕시,제주특별자치도 서귀포시 일주동로 8592,서귀포시,33.2549128,126.5702022,3778
명도암수다뜰,제주특별자치도 제주시 명림로 164,제주시,33.4914049,126.5949431,2804
목돈,제주특별자치도 제주시 은남4길 30 (연동),제주시,33.48699,126.495155,1428
메밀래 제주공항점,제주특별자치도 제주시 공설로 53,제주시,33.49604,126.519104,7835
해녀의 부엌 북촌점,제주특별자치도 제주시 조천읍 북촌9길 31,제주시,33.5498675,126.6935047,3708
하얀성&더돈,제주특별자치도 제주시 애월읍 애월해안로 592,제주시,33.478172,126.36698,4798
경미네집(경미휴게소),제주특별자치도 서귀포시 성산읍 일출로 259,서귀포시,33.46125,126.93347,22838
그러므로,제주특별자치도 제주시 구남동6길 45,제주시,33.496986,126.53534,4024
탑동골목,제주특별자치도 제주시 중앙로5길 13,제주시,33.5153403,126.5260957,260
할매추어탕,제주특별자치도 제주시 구남로 57 (이도이동),제주시,33.49171,126.53573,4428
파시랑,제주특별자치도 서귀포시 솔동산로 15 (서귀동),서귀포시,33.243404,126.56422,5744
성춘(토종순대),제주특별자치도 제주시 성지로 68 (일도2동),제주시,33.511223,126.53033,4518
독개물항,제주특별자치도 제주시 한림읍 한림로 478,제주시,33.4018706,126.2516959,20299
인풍감자탕,제주특별자치도 제주시 만덕로 36,제주시,33.51346,126.53186,3908
마진가,제주특별자치도 제주시 남성로 54,제주시,33.5048883,126.5136373,2486
동그라미가든,제주특별자치도 서귀포시 1100로 217,서귀포시,33.2663765,126.4459258,5046
해녀식당(동복리),제주특별자치도 제주시 구좌읍 동복로 5,제주시,33.5535282,126.7069216,15135
원앤온리,제주특별자치도 서귀포시 안덕면 산방로 141,서귀포시,33.23923,126.3192943,7117
파스쿠찌 도남점,제주특별자치도 제주시 연북로 444,제주시,33.48046,126.52924,6212
아크로디니온,제주특별자치도 제주시 명림로 100,제주시,33.4773879,126.607261,550
맛나리,제주특별자치도 서귀포시 동문로 34 (서귀동),서귀포시,33.250633,126.56431,4062
간이옥돔역,제주특별자치도 서귀포시 남원읍 남태해안로 484,서귀포시,33.28524,126.74973,4772
제제그리너,제주특별자치도 제주시 한림읍 협재1길 19-5,제주시,33.3974081,126.242749,276
해변가든(켄싱턴리조트),제주특별자치도 서귀포시 이어도로 684,서귀포시,33.233574,126.489006,3334
맵찜,제주특별자치도 제주시 조천읍 선교로 519,제주시,33.45958,126.71228,5233
도남오거리도남점,제주특별자치도 제주시 도남로6길 16,제주시,33.4965521,126.5261342,3579
바다잔치,제주특별자치도 제주시 탑동로 79,제주시,33.51774,126.51693,5590
마쇼,제주특별자치도 제주시 신성로13길 26,제주시,33.49804,126.53012,5698
스테이위드커피,제주특별자치도 제주시 해안마을5길 29,제주시,33.4582189,126.4557626,4277
본가 1호점,제주특별자치도 제주시 도남로 101,제주시,33.4912754,126.5285424,5092
코리코카페 제주,제주특별자치도 제주시 구좌읍 비자림로 1199,제주시,33.4564636,126.7691579,1398
대굴대굴구이,제주특별자치도 제주시 성신로2길 19,제주시,33.492172,126.487236,3012
방듸,제주특별자치도 제주시 남광로 9,제주시,33.4925794,126.5371184,4806
노을과 어울림 카페,제주특별자치도 서귀포시 대정읍 노을해안로 638-2,서귀포시,33.270985,126.17614,2838
마님순대,제주특별자치도 제주시 원노형로 81,제주시,33.4814178,126.4849461,3178
하나로국밥,제주특별자치도 서귀포시 천제연로 222-2,서귀포시,33.2513188,126.4282136,6514
플라잉애월,제주특별자치도 제주시 애월읍 애월해안로 765,제주시,33.4855128,126.3818573,200
김명자굴국밥(제주본점),제주특별자치도 제주시 연북로 168,제주시,33.481873,126.497406,8817
마노르블랑,제주특별자치도 서귀포시 안덕면 일주서로2100번길 46,서귀포시,33.254242,126.29465,60952
영해식당 (제주점),제주특별자치도 제주시 정든로2길 24-1,제주시,33.4966963,126.5393772,5684
우도돼지네 땅콩만두,제주특별자치도 서귀포시 중정로73번길 15-1,서귀포시,33.249554,126.56383,3876
삼다도횟집,제주특별자치도 제주시 서해안로 572,제주시,33.5190034,126.4993699,22779
옛촌전복,제주특별자치도 서귀포시 안덕면 사계로 189,서귀포시,33.24694,126.30275,15113
부지깽이,제주특별자치도 제주시 광양13길 11-2,제주시,33.4992737,126.5316548,7760
리듬앤브루스,제주특별자치도 제주시 무근성7길 11,제주시,33.5138019,126.5198694,6392
나무아래,제주특별자치도 서귀포시 성산읍 한도로255번길 21,서귀포시,33.4674588,126.9352099,72
서광마을국수,제주특별자치도 제주시 서해안로 356 (도두이동) 1층 서광마을국수,제주시,33.5105417,126.4832873,404
골목집갈치와고등어,제주특별자치도 서귀포시 표선면 표선백사로110번길 5-10,서귀포시,33.325202,126.8379633,7418
세이슌 칠성로점,"제주특별자치도 제주시 관덕로11길 35, 2층",제주시,33.5161141,126.5255894,2060
일 이탈리아노,제주특별자치도 제주시 탑동로 20,제주시,33.517532,126.52287,1134
포트그릴 스테이크하우스,제주특별자치도 서귀포시 솔동산로10번길 48,서귀포시,33.2405734,126.5622927,6152
가시식당,제주특별자치도 서귀포시 표선면 가시로 565번길 24,서귀포시,33.353035,126.77152,20562
바캉스샤브샤브,제주특별자치도 제주시 조천읍 신북로 595,제주시,33.5391452,126.6760426,4520
깡촌흑돼지,제주특별자치도 제주시 조천읍 함덕14길 2,제주시,33.541286,126.667114,7461
지금이순간,제주특별자치도 제주시 애월읍 애월로 15-1,제주시,33.45945,126.324005,11755
구름물고기,제주특별자치도 제주시 애월읍 하가로 112-1,제주시,33.45906,126.3522,2989
명문가시리식당,제주특별자치도 서귀포시 표선면 중산간동로 5218,서귀포시,33.35289,126.77083,6474
모드락,제주특별자치도 제주시 서해안로 671,제주시,33.516144,126.50897,9010
한양식당,제주특별자치도 서귀포시 이어도로 684,서귀포시,33.2336552,126.4890695,2380
비밀의숲 카페,제주특별자치도 제주시 구좌읍 송당리 산 66-2,제주시,33.499622,126.53119,9639
빌레왓,제주특별자치도 서귀포시 안덕면 화순서동로 14,서귀포시,33.2525074,126.3351056,7219
마므레,제주특별자치도 서귀포시 남원읍 태위로 456,서귀포시,33.27468,126.69596,5033
커피가게쉬고가게,제주특별자치도 서귀포시 표선면 민속해안로 593,서귀포시,33.3225332,126.8228665,4776
하비마카롱,제주특별자치도 제주시 연삼로 449,제주시,33.4981272,126.5383923,5556
연이네,제주특별자치도 제주시 우도면 우도해안길 662-1,제주시,33.521484,126.95736,3087
루스트플레이스 아라점,제주특별자치도 제주시 아란7길 3-3,제주시,33.426136,126.56269,3716
서귀포네거리식당,제주특별자치도 서귀포시 서문로29번길 20,서귀포시,33.24852,126.559364,41537
카페더몹시,제주특별자치도 제주시 월대1길 10,제주시,33.49453,126.433655,4700
봉봉커피,제주특별자치도 제주시 우도면 우도해안길 630,제주시,33.523594,126.95492,3109
국시트멍,제주특별자치도 제주시 진군길 31-3,제주시,33.4793473,126.4813944,5184
깜돈 흑돼지,제주특별자치도 제주시 삼무로3길 6,제주시,33.490368,126.49532,6074
방모루,제주특별자치도 제주시 구좌읍 김녕로21길 7,제주시,33.5566058,126.755365,6056
우드스탁,제주특별자치도 제주시 구좌읍 월정7길 52,제주시,33.555305,126.79668,7750
채점석베이커리,제주특별자치도 서귀포시 서호남로32번길 29,서귀포시,33.24850594,126.5142081,5189
카이로스,제주특별자치도 제주시 애월읍 장유길 49-39,제주시,33.449875,126.39992,13795
사해방흑돼지,제주특별자치도 서귀포시 천제연로 263,서귀포시,33.2515411,126.4327965,6340
무인카페 산책,제주특별자치도 제주시 애월읍 고내로7길 49,제주시,33.46689,126.336945,8683
새콤달콤,제주특별자치도 제주시 서해안로 512,제주시,33.5195,126.49372,5625
협재삼춘네횟집,제주특별자치도 제주시 한림읍 한림로 318,제주시,33.39215,126.23956,3343
청호식당,제주특별자치도 서귀포시 성산읍 온평관전로 94,서귀포시,33.410496,126.90789,6393
돈내코숯불갈비,제주특별자치도 제주시 오복4길 5 (이도이동),제주시,33.49568,126.53647,3418
마음카페,제주특별자치도 서귀포시 표선면 녹산로 381-15,서귀포시,33.3988071,126.7063341,6438
복여네왕돈가스,제주특별자치도 제주시 우도면 우도로 323,제주시,33.51984,126.94976,2355
제주다음,제주특별자치도 서귀포시 보목포로 27,서귀포시,33.2406529,126.6058635,6022
식전당포,제주특별자치도 제주시 광양14길 17-1,제주시,33.4975615,126.5292883,1130
마실디,제주특별자치도 서귀포시 중정로73번길 16,서귀포시,33.24957,126.56415,2849
떡하니,제주특별자치도 제주시 구좌읍 행원로9길 9-5,제주시,33.553783,126.80789,4898
요리하는 목수,제주특별자치도 제주시 애월읍 애월해안로 664,제주시,33.480564,126.37354,29910
애월더선셋,제주특별자치도 제주시 애월읍 일주서로 6111,제주시,33.4560041,126.3089078,60033
월정조용한카페앤펍,제주특별자치도 제주시 구좌읍 월정1길 64-1,제주시,33.556256,126.7936366,770
블루사이공,제주특별자치도 제주시 애월읍 중산간서로 6333,제주시,33.4571368,126.407921,5453
함덕카페h,제주특별자치도 제주시 조천읍 함대로3길 24-9,제주시,33.5262877,126.6601184,3848
바다의집,제주특별자치도 서귀포시 성산읍 병문로 236 1층,서귀포시,33.469486,126.919266,20187
엠츄로,제주특별자치도 제주시 은남4길 46,제주시,33.4865605,126.490895,1038
더홀스카페,제주특별자치도 제주시 한경면 저지10길 2,제주시,33.336975,126.25844,1756
꽃밭에서,제주특별자치도 제주시 516로 3157 라동 101호 (아라일동),제주시,33.455593,126.55068,4108
내가 찾은 맛고을,제주특별자치도 제주시 진남로8길 39,제주시,33.522457,126.56764,4052
루스트플레이스 칠성로점,제주특별자치도 제주시 중앙로7길 3,제주시,33.51499,126.52536,3914
고요남,제주특별자치도 제주시 구남동8길 51,제주시,33.4853898,126.5357927,6901
하하호호(HAHAHOHO),제주특별자치도 제주시 우도면 우도해안길 532,제주시,33.50332,126.95568,42370
카페흠뻑,제주특별자치도 서귀포시 서문로29번길 9,서귀포시,33.249485,126.55929,2613
뽀요요 카페,제주특별자치도 제주시 우도면 우도해안길 128,제주시,33.4942266,126.9465078,2206
선미식당,제주특별자치도 서귀포시 성산읍 일출로 281,서귀포시,33.462708,126.934715,5282
리브라이프 키친앤스테이,제주 서귀포시 대정읍 서삼중로 217,서귀포시,33.27724,126.19178,7066
해와달그리고섬,제주특별자치도 제주시 우도면 우도해안길 946,제주시,33.510757,126.96553,4780
해담은,제주특별자치도 제주시 남광북1길 41,제주시,33.49663,126.53759,1959
하노이안브라더스,제주특별자치도 제주시 천수동로 1,제주시,33.5096261,126.543621,11035
피어22,제주특별자치도 제주시 한림읍 금능7길 22,제주시,33.389317,126.22804,40276
블랑로쉐,제주특별자치도 제주시 우도면 우도해안길 783,제주시,33.515686,126.958084,18936
우도 풍원,제주특별자치도 제주시 우도면 우도해안길 340,제주시,33.50834,126.94413,15400
쇼디치카페,제주특별자치도 제주시 구좌읍 해맞이해안로 1440,제주시,33.52475,126.85914,2504
복자씨연탄구이,제주특별자치도 서귀포시 성산읍 해맞이해안로 2764,서귀포시,33.469234,126.91987,18753
인더오조,제주특별자치도 서귀포시 성산읍 해맞이해안로 2768,서귀포시,33.468945,126.92011,6491
우도면파전리,제주특별자치도 제주시 우도면 우도해안길 388,제주시,33.512283,126.94488,4441
한성식당,제주특별자치도 서귀포시 성산읍 일출로 287,서귀포시,33.4631697,126.9350183,12744
성산해오름식당,제주특별자치도 서귀포시 성산읍 일출로 260,서귀포시,33.461082,126.933586,15746
춘천고려닭갈비,제주특별자치도 제주시 서광로32길 23,제주시,33.49855,126.5292,1440
모실래기해녀해물촌,제주특별자치도 제주시 우도면 우도해안길 248,제주시,33.502426,126.94404,4020
국수의전설,제주특별자치도 서귀포시 효돈로 108,서귀포시,33.26347,126.61043,42554
달리다방,제주특별자치도 제주시 구좌읍 해맞이해안로 2326,제주시,33.493397,126.90898,3650
봉끄랑횟집,제주특별자치도 제주시 한림읍 한림로 121-3,제주시,33.384773,126.220665,2050
서울앵무새 제주,제주특별자치도 서귀포시 색달중앙로 162,서귀포시,33.26935533,126.4176135,1256
춘심이네 3호점,제주특별자치도 제주시 조천읍 조함해안로 525,제주시,33.542717,126.66925,8183
티라미소,제주특별자치도 제주시 구좌읍 월정7길 46,제주시,0,0,694
성산 어멍횟집,제주특별자치도 서귀포시 성산읍 일출로 29,서귀포시,33.4478965,126.9160291,7076
토계정,제주특별자치도 제주시 조천읍 교래3길 1,제주시,33.4276176,126.6665803,6490
컬쳐드,제주특별자치도 제주시 승천로 81,제주시,33.476097,126.5543,3469
제리스펍,제주특별자치도 서귀포시 솔동산로 20,서귀포시,33.243195,126.56381,8275
아모레퍼시픽 제주센터 cafe N,제주특별자치도 제주시 용해로 21,제주시,33.5153172,126.5028064,524
아뜰리에안,제주특별자치도 서귀포시 막숙포로 166,서귀포시,33.23151,126.5061,3265
고고리식당,제주특별자치도 제주시 인다5길 11-10,제주시,33.4261379,126.5626925,3751
돈돈이네,제주특별자치도 제주시 용화로 10,제주시,33.509785,126.50464,1320
육수명가도우락,제주특별자치도 제주시 원노형로 54,제주시,33.48381,126.484566,2819
금빌레509,제주특별자치도 제주시 한림읍 한림로 509,제주시,33.404465,126.253334,1751
이게밥도둑,제주특별자치도 제주시 삼무로7길 23,제주시,33.491617,126.4936071,9846
알랑가카페,제주특별자치도 서귀포시 안덕면 사계남로 153번길 2,서귀포시,33.22886,126.306564,872
명성식당,제주특별자치도 제주시 삼성로 94,제주시,33.508854,126.53518,10427
루스트플레이스 노형점,제주특별자치도 제주시 수덕로 79,제주시,33.48387,126.469925,5775
공방앤공방,제주특별자치도 서귀포시 대정읍 상모리 212-1,서귀포시,33.221897,126.27413,1470
장춘육당,제주특별자치도 제주시 신대로10길 36,제주시,33.4910767,126.4929454,8459
바당지기,제주특별자치도 제주시 구좌읍 해맞이해안로 480,제주시,33.5547935,126.7980411,5227
엉클망고,제주특별자치도 제주시 우도면 우도해안길 342,제주시,33.508545,126.94377,1889
추자북경,제주특별자치도 제주시 추자면 신양서길 13-9,제주시,33.9354341,126.3227638,1344
만조이천쌀밥,제주특별자치도 서귀포시 성산읍 성산중앙로 5,서귀포시,33.4609007,126.9311907,12928
1080칼국수,제주특별자치도 제주시 서광로13길 3,제주시,33.5003337,126.517785,7208
솔향바다가든,제주특별자치도 제주시 애월읍 일주서로 6113,제주시,33.499622,126.53119,3980
안녕육지사람,제주특별자치도 제주시 우도면 우도해안길 792,제주시,33.515114,126.957245,10083
뽈살집,제주특별자치도 서귀포시 중정로91번길 37,서귀포시,33.250668,126.5632,16974
톰톰카레,제주특별자치도 제주시 구좌읍 해맞이해안로 1112,제주시,33.53737,126.83743,17117
엉클통김밥(본점),제주특별자치도 제주시 1100로 3283,제주시,33.47938,126.481895,4909
더츠커피돌핀점 (That’s Coffee Dolphin & Resort),제주특별자치도 제주시 서흘길 1,제주시,33.526331,126.587423,1176
카멜커피,제주특별자치도 제주시 구좌읍 해맞이해안로 617-3,제주시,33.5568768,126.8098896,1024
로드하우스,제주특별자치도 제주시 구좌읍 김녕로6길 2,제주시,33.554256,126.746414,992
바그다드,제주특별자치도 제주시 서광로32길 38,제주시,33.510274,126.5232222,7556
어제보다오늘,제주특별자치도 제주시 서해안로 68,제주시,33.5028469,126.4570603,576
부엌인세화,제주특별자치도 제주시 구좌읍 해맞이해안로 1460,제주시,33.52435,126.8614,4304
광평도새기촌 본점,제주특별자치도 제주시 애월읍 구엄동3길 64,제주시,33.4817696,126.3811052,5683
흑돈향,제주특별자치도 서귀포시 태평로 58,서귀포시,33.261337,126.533264,4971
삼대해녀의집,제주특별자치도 서귀포시 성산읍 환해장성로 583-5,서귀포시,33.406708,126.906525,10374
제주온반,제주특별자치도 제주시 서해안로 356,제주시,33.5105434,126.4831643,241
성산달래식당,제주특별자치도 서귀포시 성산읍 금백조로 34-19,서귀포시,33.4411683,126.8690488,8148
건축카페 유토피아,제주특별자치도 서귀포시 태평로 409-10,서귀포시,33.245068,126.5637,1043
미트타운,제주특별자치도 제주시 애월읍 일주서로 6935,제주시,33.4790279,126.3912186,126
한량2010,제주특별자치도 제주시 노형4길 6 101호 한량,제주시,33.4820939,126.4750887,2201
유동커피,제주특별자치도 서귀포시 태평로 406-2,서귀포시,33.24449,126.563896,17617
이음,"제주특별자치도 제주시 서해안로 648 (용담삼동, 세진빌라) 세진빌라 102호",제주시,33.5160873,126.5061514,36
국수냐 국밥이냐,제주특별자치도 서귀포시 김정문화로 39,서귀포시,33.2516483,126.5090439,6205
그리운바다성산포,제주특별자치도 서귀포시 성산읍 성산등용로 94,서귀포시,33.46976,126.93005,19382
코코분식,제주특별자치도 제주시 신성로 104,제주시,33.4967757,126.530085,4655
탑동산호전복,제주특별자치도 제주시 탑동로 59,제주시,33.5180133,126.5186772,11644
성읍칠십리식당,제주특별자치도 서귀포시 표선면 성읍정의현로 74,서귀포시,33.389263,126.80127,24495
서울떡볶이,제주특별자치도 제주시 동문로4길 11,제주시,33.51228,126.52786,3036
어사촌도야지,제주특별자치도 제주시 애월읍 천덕로 440-6,제주시,33.419827,126.33878,7351
픽스커피,제주특별자치도 제주시 신설로11길 2,제주시,33.476097,126.5543,3037
곱을락(음식점),제주특별자치도 제주시 한경면 명이 2길 31,제주시,33.31718,126.26564,3667
얌얌돈가스,제주특별자치도 제주시 구좌읍 구좌로 44,제주시,33.5231628,126.8562384,7652
삼대국수회관 신제주점,제주특별자치도 제주시 신대로20길 32,제주시,33.483837,126.49328,9757
밀리우,제주특별자치도 서귀포시 표선면 민속해안로 537,서귀포시,33.32345,126.84478,5758
올레수산회센터,제주도 서귀포시 중정로 61번길 12,서귀포시,33.24885,126.56308,14594
우도향,제주특별자치도 제주시 우도면 우도해안길 848,제주시,33.512173,126.96039,4346
단수이카스테라,제주특별자치도 서귀포시 성산읍 동류암로 42,서귀포시,33.44882,126.91614,1580
카페피크닉(르피크닉),제주특별자치도 서귀포시 안덕면 대평로 39,서귀포시,33.23693,126.363045,6604
봉이네식당,제주특별자치도 제주시 추자면 신양2길 39,제주시,33.9354341,126.3227638,2100
일도 국수,제주특별자치도 제주시 삼성로 49,제주시,33.5072272,126.5306595,4334
마마롱(애월),제주특별자치도 제주시 애월읍 평화로 2783,제주시,33.45217805,126.4392287,8599
포레스텔라인제주,제주특별자치도 제주시 구좌읍 번영로 2132-6 (송당리) 1-2층,제주시,33.4306009,126.7467466,105
제주홍돈 협재본점,제주특별자치도 제주시 한림읍 한림로3길 10-12,제주시,33.4139587,126.2610222,4011
생원전복,제주특별자치도 서귀포시 안덕면 산방로 7,서귀포시,33.245869,126.3307927,6230
위더스트래블,제주특별자치도 제주시 인다9길 29,제주시,33.475548,126.54848,4072
허벅식당,제주특별자치도 제주시 구좌읍 세평항로 26,제주시,33.5255713,126.8544176,5606
유스커피,제주특별자치도 제주시 구산로 54,제주시,33.48433,126.540726,2233
우도왕자이야기,제주특별자치도 제주시 우도면 우도해안길 252,제주시,33.50263,126.94384,8415
이어도식당,제주특별자치도 서귀포시 표선면 성읍정의현로22번길 10-1,서귀포시,33.384068,126.80208,24687
홍어일번지,제주특별자치도 제주시 신대로7길 10 (연동),제주시,33.4917,126.49778,3146
어머니의 뜻을 담다 단지,제주특별자치도 제주시 애월읍 하귀2길 66,제주시,33.4893386,126.4119402,1442
윤옥,제주특별자치도 제주시 구남동2길 19-4,제주시,33.4888303,126.5361081,1244
호랑이해장국,제주특별자치도 서귀포시 성산읍 성산중앙로 40,서귀포시,33.4632341,126.9336008,6954
보목해녀의집,제주특별자치도 서귀포시 보목포로 48 (보목동),서귀포시,33.239265,126.606895,10016
수우동,제주특별자치도 제주시 한림읍 협재1길 11,제주시,33.396576,126.242516,33486
kim여사의밥상,제주특별자치도 서귀포시 안덕면 사계남로216번길 24-68,서귀포시,33.235237,126.31296,4690
고불락,제주특별자치도 제주시 애월읍 고내로7길 45-12,제주시,33.4667429,126.3365337,24585
더 스트롱홀드,제주특별자치도 제주시 1100로 3339,제주시,33.48415,126.48074,1893
성광식당,제주특별자치도 서귀포시 일주동로 8184 (신효동),서귀포시,33.260715,126.61311,4556
환상의짜장,제주특별자치도 서귀포시 대정읍 마라로 45,서귀포시,33.119526,126.26718,2452
센잇,제주특별자치도 제주시 관덕로8길 13 센잇,제주시,33.5119203,126.5236157,100
왕대포 연동점,제주특별자치도 제주시 노연로 123 (연동),제주시,33.485985,126.49359,847
일출봉쑥빵보리빵,제주특별자치도 서귀포시 성산읍 성산중앙로 30-3,서귀포시,33.462543,126.93316,15661
제주신라호텔 히노데,제주특별자치도 서귀포시 중문관광로72번길 75,서귀포시,33.2814107,126.4111118,1088
벨롱,제주특별자치도 제주시 구좌읍 해맞이해안로 1652,제주시,33.528336,126.87951,5527
성미식당,제주특별자치도 제주시 서광로18길 18,제주시,33.498318,126.5204,10060
바코,제주특별자치도 제주시 조천읍 선진길 83,제주시,33.4585034,126.7108673,836
카페 사우다드,제주특별자치도 서귀포시 대정읍 하모이삼로51번길 28,서귀포시,33.2255301,126.2536093,14116
천지연해물전복뚝배기,제주특별자치도 서귀포시 남성중로 2-3,서귀포시,33.2639577,126.5507293,9034
타무라,제주특별자치도 제주시 조천읍 중산간동로 670,제주시,33.4988637,126.6569134,5437
천리식당,제주특별자치도 제주시 구좌읍 송당6길 30,제주시,33.4686317,126.7846454,7297
더파크뷰(신라호텔),제주특별자치도 서귀포시 중문관광로72번길 75,서귀포시,33.24756,126.40812,14840
모닥식탁(카페이전으로 비공개처리),제주특별자치도 제주시 조천읍 함덕16길 14-1,제주시,33.540524,126.66745,28243
바다어멍,"제주특별자치도 서귀포시 명동로 45 (서귀동, 바원에스클래스) 바다어멍",서귀포시,33.2479096,126.5667265,1760
이찌마루,제주특별자치도 제주시 구좌읍 월정1길 54-11,제주시,33.555485,126.79351,2656
맛있는집,제주특별자치도 서귀포시 중앙로 110,서귀포시,33.2543659,126.5610557,11303
카페오름,제주특별자치도 서귀포시 성산읍 삼달로 128,서귀포시,33.3723,126.855995,13495
쿠싱 샌드위치,제주특별자치도 제주시 한경면 중산간서로 3728 (저지리),제주시,33.3364308,126.2584361,1752
삼다정,제주특별자치도 제주시 노연로 80,제주시,33.4847577,126.4887056,3984
체면,제주특별자치도 서귀포시 단산로 95,서귀포시,33.2479712,126.2840794,6862
느영나영 감귤창고,제주특별자치도 서귀포시 안덕면 서광동로25번길 11,서귀포시,33.2886219,126.3301078,6050
하누가물애,제주특별자치도 제주시 조천읍 신북로 409,제주시,33.5440694,126.6541979,3430
어머니와장독대,제주특별자치도 제주시 아연로 156-9,제주시,33.4189867,126.5196085,5962
제일떡집,제주특별자치도 서귀포시 중정로73번길 15-1,서귀포시,33.2495549,126.563826,
옛날옛적,제주특별자치도 서귀포시 성산읍 일주동로 4660,서귀포시,33.414307,126.900185,16920
야자수 식당,제주특별자치도 제주시 한림읍 한림로 300,제주시,33.3879944,126.2397837,9285
바보카페,제주특별자치도 제주시 구좌읍 해맞이해안로 1016,제주시,33.541573,126.83128,25777
서귀포수일통닭,제주특별자치도 서귀포시 천제연로178번길 14-2,서귀포시,33.250916,126.423416,5678
범섬앞어촌계횟집,제주특별자치도 서귀포시 막숙포로 61,서귀포시,33.2357887,126.5151293,6231
후년하우스,제주특별자치도 제주시 삼봉로 12,제주시,33.5203612,126.5876201,3824
화북코끼리식당,제주특별자치도 제주시 진동로 5길 34(화북1동),제주시,33.521564,126.56661,2610
쏠피쉬,제주특별자치도 서귀포시 태평로 423,서귀포시,33.24536,126.565544,1716
아모르키친,제주특별자치도 서귀포시 표선면 표선동서로 221,서귀포시,33.323837,126.83164,5345
가파도해물짜장짬뽕,제주특별자치도 서귀포시 대정읍 가파로67번길 1,서귀포시,33.16586,126.27332,11488
리솔라 무인카페,제주특별자치도 서귀포시 성산읍 서성일로 730,서귀포시,33.43039,126.86148,4230
흑돼지구이집 하영,제주특별자치도 서귀포시 천제연로 101,서귀포시,33.255093,126.41663,34796
제스토리,제주특별자치도 서귀포시 막숙포로 60,서귀포시,33.23612,126.515,6994
에피소드베이커리카페,제주특별자치도 제주시 한경면 고조로 62,제주시,33.3058146,126.1881704,2080
문어빵굽는문빵9,제주특별자치도 제주시 우도면 우도해안길 388,제주시,33.507435,126.95427,3951
동해루,제주특별자치도 제주시 추자면 추자로 58-1,제주시,33.9642903,126.2929862,1554
바굥식당,제주특별자치도 서귀포시 남원읍 태위로 87,서귀포시,33.3060336,126.6580882,9190
바다회국수,제주특별자치도 제주시 구좌읍 해맞이해안로 1422-3,제주시,33.525585,126.857704,916
만덕이네,제주특별자치도 서귀포시 표선면 서성일로 16,서귀포시,33.39333,126.80123,36828
바당봉봉,제주 제주시 구좌읍 해맞이해안로 1170,제주시,33.534424,126.83992,6390
회양과 국수군,제주특별자치도 제주시 우도면 우도해안길 270,제주시,33.50368,126.94212,11224
허브올레,제주특별자치도 서귀포시 표선면 번영로 2543-5,서귀포시,33.4059357,126.7790832,1822
소섬반점,제주특별자치도 제주시 우도면 우도로 168,제주시,33.50727,126.95442,2468
국수마당 본점,제주특별자치도 제주시 삼성로 65,제주시,33.5080638,126.5322532,15713
산방산초가집,제주특별자치도 서귀포시 안덕면 화순해안로 189,서귀포시,33.2455947,126.3387238,11983
파도소리해녀촌,제주 제주시 우도면 우도해안길 510,제주시,33.519768,126.94891,5539
써스티몽크제주시청점,제주특별자치도 제주시 광양13길 9,제주시,33.499012,126.53136,1490
달테이블,제주특별자치도 제주시 노형8길 22,제주시,33.483097,126.477234,4639
고망딱새,제주특별자치도 제주시 서해안로 96,제주시,33.50343,126.4597,4070
서문뒷고기,제주특별자치도 제주시 중앙로14길 40-2,제주시,33.5107686,126.5204355,5590
후쿠오카함바그,제주특별자치도 제주시 서광로32길 27-2,제주시,33.49832,126.52956,1058
명품한라봉아이스크림,제주특별자치도 서귀포시 성산읍 일주동로 5335,서귀포시,33.3628276,126.8657009,12858
섬마을청년회관,제주특별자치도 제주시 용화로 58,제주시,33.5092567,126.5096828,4774
나주닭집,제주특별자치도 제주시 동광로1길 32,제주시,33.5032944,126.527915,2620
까미노,제주특별자치도 제주시 애월읍 고하상로 91-12,제주시,33.4578162,126.3478853,6186
르꼬앙,제주특별자치도 제주시 서광로32길 37,제주시,33.49753,126.52993,1568
우도이야기,제주특별자치도 제주시 우도면 우도해안길 504,제주시,33.51954,126.94941,3954
청해원,제주특별자치도 제주시 원노형남1길 44,제주시,33.4838204,126.4851476,4606
만원의행복,제주특별자치도 제주시 신대로7길 9,제주시,33.491978,126.49785,10724
그리다시카고피자&파스타,제주특별자치도 제주시 서광로32길 14,제주시,33.49941,126.5283,3525
제주침시술소바 (오로라식품),제주특별자치도 제주시 동광로 12,제주시,33.5010889,126.530548,12585
전설의마녀,제주특별자치도 제주시 애월읍 애월해안로 715,제주시,33.4840886,126.3775352,13438
피제리아3657,제주특별자치도 서귀포시 안덕면 난드르로 56,서귀포시,33.23645,126.36306,15496
쉐프 이야기,제주특별자치도 제주시 연동4길 22,제주시,33.484005,126.487785,3086
바다는안보여요,제주특별자치도 제주시 구좌읍 종달로5길 31-1,제주시,33.49332,126.89948,7150
콜레트커피,제주특별자치도 서귀포시 막숙포로 83,서귀포시,33.2342405,126.513246,236
사형제횟집,제주특별자치도 제주시 한림읍 한림상로 273,제주시,33.422413,126.266396,18786
용담생국수,제주특별자치도 제주시 용담로 95,제주시,33.5119876,126.5129807,2618
오스모시스 구좌세화카페,제주특별자치도 제주시 구좌읍 해맞이해안로 1026,제주시,33.5408291,126.8307706,172
스시마시,제주특별자치도 제주시 성지로 57,제주시,33.5111958,126.5292815,1246
올래회어촌,제주특별자치도 제주시 테우해안로 166 (이호일동),제주시,33.496857,126.4518,7190
성산흑돼지두루치기,제주특별자치도 서귀포시 성산읍 한도로 255,서귀포시,33.466156,126.9348,8310
인터포레스트,제주특별자치도 제주시 구좌읍 비자림로 1655,제주시,33.4572398,126.7723938,402
중문수원음식점,제주특별자치도 서귀포시 천제연로 83,서귀포시,33.255245,126.41463,9654
꽃담수제버거,제주 서귀포시 성산읍 일출로 284-7,서귀포시,33.463013,126.936005,4491
다담은,제주특별자치도 제주시 우정로15길 5,제주시,33.486088,126.43191,4156
카페다랑쉬,제주특별자치도 제주시 조천읍 신촌3길 19,제주시,33.534763,126.618454,470
가산토방 식당,제주특별자치도 서귀포시 인정오름로 86번길 3,서귀포시,33.287712,126.57716,6364
이런날엔카페&레스토랑,제주특별자치도 제주시 구좌읍 한동북1길 60,제주시,33.542553,126.83065,488
미소짓는 흑도야지,제주특별자치도 제주시 일주서로 7682,제주시,33.4938375,126.4672444,4032
문어빵굽는 문빵9 서귀포올레시장,제주특별자치도 서귀포시 중앙로62번길 18,서귀포시,33.2501708,126.5636786,6075
산야,제주특별자치도 서귀포시 천제연로188번길 7 (중문동) 2층,서귀포시,33.2511024,126.4247249,76
구닮카페(구름을닮다),제주특별자치도 서귀포시 안덕면 산방로 210,서귀포시,33.23643,126.312805,4248
크래커스 한경점,제주특별자치도 제주시 한경면 낙수로 1,제주시,33.3351402,126.2274363,1064
시스베이글,제주특별자치도 서귀포시 남원읍 태위로 87,서귀포시,33.274437,126.6569,1812
성산진미식당,제주특별자치도 서귀포시 성산읍 일출로 290,서귀포시,33.4635435,126.9351837,11091
안다미로,제주특별자치도 제주시 조천읍 비자림로 648,제주시,33.436306,126.67667,7536
똣똣라면 제주시직영점,제주특별자치도 제주시 고산동산6길 11-1,제주시,33.4945437,126.5322087,128
산지물식당(건입동본점),제주특별자치도 제주시 임항로 26 (건입동),제주시,33.516262,126.52756,20773
도을,제주특별자치도 제주시 조천읍 남조로 2343,제주시,33.4735321,126.6571882,964
옛정의골 식당,제주특별자치도 서귀포시 표선면 중산간동로 4592,서귀포시,33.389114,126.80473,7238
동북왕,제주특별자치도 제주시 사장1길 43,제주시,33.48512,126.49115,3086
블리스풀,제주특별자치도 제주시 애월읍 산록서로 383,제주시,33.4050742,126.4073278,1136
등경돌식당,제주특별자치도 서귀포시 성산읍 일출로 279,서귀포시,33.462612,126.93461,8014
오라숲소리,제주특별자치도 제주시 오라로 80,제주시,33.4955139,126.5117837,28647
우림일식,제주특별자치도 제주시 도령로 28-2,제주시,33.4873678,126.4826639,6378
송악산 엉클스 화덕 피자,제주특별자치도 서귀포시 대정읍 송악관광로 392,서귀포시,33.2088981,126.288313,6919
담아래,제주특별자치도 서귀포시 안덕면 난드르로 45-2,서귀포시,33.23548,126.36363,8193
아라파파 a la papa,제주특별자치도 제주시 국기로3길 2,제주시,33.4784467,126.4909905,11011
순희뽀글이,제주특별자치도 제주시 공설로 27-1 (오라일동),제주시,33.497456,126.51725,3900
승범이네집,제주특별자치도 제주시 월랑로 56-1 (노형동),제주시,33.490337,126.47486,5717
퍼시픽 리솜 엘마리노 뷔페,제주특별자치도 서귀포시 중문관광로 154-17,서귀포시,33.2437366,126.4156983,15128
절물자연휴양림휴게소,제주특별자치도 제주시 명림로 584,제주시,33.4393726,126.6284479,3096
동양식당,제주특별자치도 제주시 한림읍 중산간서로 4995-6,제주시,33.512634,126.528854,3509
카페루나,제주특별자치도 서귀포시 안덕면 화순서동로 57-3,서귀포시,33.25606,126.3349,4850
안거리밖거리,제주특별자치도 서귀포시 솔동산로 6-1,서귀포시,33.244278,126.56415,18782
고벤져스(본점),제주특별자치도 제주시 신성로 66,제주시,33.495277,126.52644,1472
비어라운드(Be around),제주특별자치도 제주시 구좌읍 하도9길 72,제주시,33.511555,126.89074,7929
우도꽃길,제주특별자치도 제주시 우도면 우도해안길 576,제주시,33.5226958,126.9507745,120
슬로우카페,제주특별자치도 서귀포시 남원읍 일주동로 7137,서귀포시,33.2827341,126.7177653,2972
백기해녀의 집,제주특별자치도 서귀포시 성산읍 일출로 88-19,서귀포시,33.450108,126.922455,6314
하얀산호식당,제주특별자치도 제주시 우도면 우도해안길 136,제주시,33.49455,126.94554,4355
킴스커틀렛,제주특별자치도 제주시 구남로4길 11,제주시,33.496986,126.53534,3835
날것,제주특별자치도 제주시 중앙로5길 13,제주시,33.5153315,126.526115,1151
중문대들보,제주특별자치도 서귀포시 천제연로 135,서귀포시,33.253662,126.41981,7241
마라톤식당,제주특별자치도 제주시 서광로2길 15,제주시,33.4987902,126.5129704,4012
스시우다,제주특별자치도 제주시 용마로 30,제주시,33.51559,126.50649,2937
친구네 분식,제주특별자치도 서귀포시 대정읍 신영로 124-1,서귀포시,33.499622,126.53119,4102
원조마라도짜장면,제주특별자치도 서귀포시 대정읍 마라로101번길 48,서귀포시,33.1185831,126.2669135,13138
서바당횟집,제주특별자치도 서귀포시 대정읍 마라로 75,서귀포시,33.117287,126.26605,2530
선흘방주할매식당,제주특별자치도 제주시 조천읍 선교로 212,제주시,33.484562,126.70035,6608
카페코지,제주특별자치도 서귀포시 성산읍 한도로 200,서귀포시,33.4682078,126.9292431,9973
갈치 카페,제주 서귀포시 중문관광로 31,서귀포시,33.25541,126.41456,3664
연정식당,제주특별자치도 제주시 신광로10길 29,제주시,33.483772,126.486824,5407
다금바리스타,제주특별자치도 제주시 한경면 노을해안로 1166,제주시,33.308743,126.1653,1172
허브팜카페,제주특별자치도 제주시 애월읍 애월해안로 454-9,제주시,33.47645,126.35463,2578
제주도원가든,제주특별자치도 제주시 1100로 2999,제주시,33.4546606,126.4865432,421
해오름정육식당,제주특별자치도 서귀포시 표선면 표선중앙로 77,서귀포시,33.326397,126.83265,4573
키다리아저씨,제주특별자치도 제주시 우도면 우도봉길 1,제주시,33.496246,126.95617,3683
오조파스타앤피자,제주특별자치도 서귀포시 성산읍 고성동서로 79,서귀포시,33.450954,126.91569,2620
루스트플레이스 제원점,제주특별자치도 제주시 노연로 62,제주시,33.4857727,126.4867175,3964
맛좋은디,제주특별자치도 제주시 구좌읍 세평항로 47,제주시,33.527473,126.85516,2335
망고홀릭 제주본점,제주 제주시 삼무로5길 2,제주시,33.4726272,126.484759,8168
타이웍,제주특별자치도 제주시 신설로11길 2,제주시,33.4913084,126.5441161,7275
바르왓,제주특별자치도 제주시 한림읍 한림남길 24,제주시,33.4095735,126.2692008,1956
제주이야기,제주특별자치도 제주시 구좌읍 행원로13길 67(행원리),제주시,33.55312,126.81699,10140
백양닭집,제주특별자치도 제주시 서문로6길 7,제주시,33.511322,126.51861,8264
최고집,제주특별자치도 서귀포시 김정문화로 71,서귀포시,33.2507966,126.5123065,36063
유기농커피 카페다,제주특별자치도 제주시 조천읍 신촌북3길 4-7,제주시,33.5375,126.61808,4224
아싸횟집,제주특별자치도 서귀포시 동홍중앙로 29-1,서귀포시,33.25354,126.571686,6626
잔디가미,제주특별자치도 제주시 우도면 우도해안길 912,제주시,33.4972931,126.9671356,1782
키친오브꾸르다기,제주특별자치도 제주시 도남로 167,제주시,33.496986,126.53534,1208
바위소리,제주특별자치도 제주시 우도면 우도해안길 1112,제주시,33.4976527,126.9690646,2252
우연못,제주특별자치도 제주시 은수길 110,제주시,33.4666722,126.4874383,1218
윤비자,제주특별자치도 제주시 한림읍 한림로 431,제주시,33.39981,126.247475,1264
윤식당,제주특별자치도 제주시 한림읍 한림로 431,제주시,33.39981,126.247475,2281
판포분식,제주특별자치도 제주시 한경면 판포1길 44-1,제주시,33.363693,126.19619,4383
허브랑,제주특별자치도 서귀포시 표선면 일주동로 6466,서귀포시,33.30778,126.78091,1564
그림상회화덕피자,제주특별자치도 서귀포시 표선면 중산간동로5570번길 9,서귀포시,33.326214,126.76501,7520
유다제주요코초,제주특별자치도 제주시 한림읍 한림로 656,제주시,33.4140603,126.2632839,218
뉴저지카페,제주특별자치도 제주시 한경면 녹차분재로 565,제주시,33.3201103,126.2648187,10438
카페제주동네,제주특별자치도 제주시 구좌읍 종달로5길 23,제주시,33.493282,126.8987,8423
삼일식당,제주특별자치도 제주시 한림읍 한림상로 92,제주시,33.40862,126.26358,6616
제주토속,제주특별자치도 제주시 동광로1길 27-1,제주시,33.502933,126.5280783,11007
월정리에서브런치,제주특별자치도 제주시 구좌읍 월정3길 53-4,제주시,33.55609,126.79492,10893
바람카페,제주특별자치도 제주시 516로 3041-15,제주시,33.446735,126.554665,5730
새벽숯불가든,제주특별자치도 서귀포시 성산읍 일주동로 4036,서귀포시,33.467613,126.906715,4759
빠라빠빵,제주특별자치도 제주시 서해안로 472-2,제주시,33.518814,126.48972,4897
천해천,제주특별자치도 제주시 한라대학로 25,제주시,33.483097,126.477234,18103
바움하우스,제주특별자치도 제주시 서해안로 448,제주시,33.517659,126.487575,1756
루스트플레이스 시청점,제주특별자치도 제주시 중앙로 230-1,제주시,33.498966,126.529854,3384
해이당,제주특별자치도 서귀포시 남원읍 남태해안로 118 (남원리) 2층 해이당,서귀포시,33.277423,126.7184213,268
루스트플레이스 아이파크점,제주특별자치도 제주시 노형8길 9,제주시,33.483097,126.477234,3324
키친그듸,제주특별자치도 제주시 애월읍 하귀동남1길 25-1 1층,제주시,33.485725,126.41371,6199
빠빠라기,제주특별자치도 제주시 신광로 45,제주시,33.4879855,126.4903506,3802
황금륭 버거,제주특별자치도 서귀포시 대정읍 칠전로 434,서귀포시,33.28664,126.2229,3172
제주 바닷가의 나루터,제주특별자치도 제주시 용담3동 1003-1,제주시,33.499622,126.53119,666
노조미,제주특별자치도 제주시 국기로2길 2-3,제주시,33.479515,126.49031,16208
베이비리프캠프,제주특별자치도 제주시 한경면 녹차분재로 354,제주시,33.3084155,126.2814219,302
코코부코,제주특별자치도 서귀포시 안덕면 형제해안로 13-1,서귀포시,33.227856,126.30515,1302
밥빠,제주특별자치도 제주시 구좌읍 해맞이해안로 990,제주시,33.543056,126.82989,5775
비올레,제주특별자치도 제주시 한림읍 한림로 510,제주시,33.404263,126.2536,6312
제주뚝배기,제주특별자치도 서귀포시 성산읍 일출로 255,서귀포시,33.4611419,126.932983,17026
석촌식당,제주특별자치도 제주시 중앙로2길 33,제주시,33.517265,126.52138,6932
리스투아,제주특별자치도 제주시 구남동2길 19-8,제주시,33.488973,126.5359777,738
종종캐주얼다이닝,제주특별자치도 제주시 과원북2길 66-1,제주시,33.47869,126.48944,3556
매기의 추억,제주특별자치도 제주시 한림읍 한림해안로 595,제주시,33.440884,126.27774,3940
올레삼다정,제주특별자치도 서귀포시 태평로537번길 48,서귀포시,33.25308,126.56996,3978
레이식당,제주특별자치도 제주시 구좌읍 해맞이해안로 1156-5,제주시,33.5360258,126.8395795,6774
미엘드세화,제주특별자치도 제주시 구좌읍 해맞이해안로 1464,제주시,33.52448,126.86187,5783
카페 공회당,제주특별자치도 제주시 구좌읍 종달로5길 33-1,제주시,33.4933871,126.8998305,232
리치망고 도두해안로점,제주특별자치도 제주시 서해안로 191,제주시,33.5057745,126.4687,602
삼일해장국,제주특별자치도 제주시 애월읍 하귀9길 14,제주시,33.483119,126.4148371,1404
제주해물밥,제주특별자치도 제주시 월대3길 14-6,제주시,33.4947,126.43402,25621
제스피,제주특별자치도 제주시 신대로16길 44,제주시,33.487152,126.491486,4914
제주흑돈세상수라간,제주특별자치도 서귀포시 중산간동로 8051,서귀포시,33.2639747,126.5566914,13386
중문신라원,제주특별자치도 서귀포시 천제연로 107,서귀포시,33.254517,126.41738,11710
지중해그릴,제주특별자치도 제주시 관덕로15길 11-1(일도일동),제주시,33.5143,126.52662,2876
옛날동문시장칼국수,제주특별자치도 제주시 동문로4길 9,제주시,33.5120807,126.5283388,13697
깅코,제주특별자치도 제주시 도령로 100,제주시,33.4908657,126.488621,906
사려니숲길화덕피자,제주특별자치도 제주시 조천읍 남조로 2133,제주시,33.481956,126.640686,7947
칠사돈,제주특별자치도 제주시 애월읍 애월해안로 906,제주시,33.4847302,126.3921125,3291
다가미(도남),제주특별자치도 제주시 도남로 111,제주시,33.490448,126.528725,9455
성아시,제주특별자치도 제주시 한림읍 금능길 68,제주시,33.38842,126.230446,6801
앤트러사이트,제주특별자치도 제주시 한림읍 한림로 564,제주시,33.407646,126.25817,33549
명진전복,제주특별자치도 제주시 구좌읍 해맞이해안로 1282,제주시,33.53242,126.84985,121186
돌코롬허니,제주특별자치도 제주시 구좌읍 김녕로 110,제주시,33.55443,126.74995,4028
귤꽃,제주특별자치도 제주시 조천읍 함덕2길 90,제주시,33.538567,126.65503,6373
미인계 카페,제주특별자치도 제주시 애월읍 금성1길 29-1,제주시,33.4469267,126.2998881,2932
다람쥐 식탁,제주특별자치도 제주시 한림읍 명월성로 10,제주시,33.364933,126.25859,5122
카페힐스,제주특별자치도 제주시 추자면 신양4길 18,제주시,33.9354341,126.3227638,1390
COOK FATHER(쿡파더),제주특별자치도 제주시 구좌읍 종달로1길 117,제주시,33.49626,126.90774,4615
다육이풍경,제주특별자치도 서귀포시 하효중앙로98번길 27,서귀포시,33.2588358,126.6225341,8276
김희선제주몸국,제주특별자치도 제주시 흥운길 73 (용담이동),제주시,33.515125,126.51395,1439
착한마녀김밥,제주 서귀포시 성산읍 고성오조로 64,서귀포시,33.449467,126.91513,4696
한우네백년해장국,제주특별자치도 제주시 신산로 6,제주시,33.512726,126.53173,5067
바다어사또,제주특별자치도 제주시 조천읍 조함해안로 478,제주시,33.543064,126.66409,5379
커피앤빵,제주특별자치도 제주시 추자면 추자로 58-1,제주시,33.96188,126.29397,3842
행복미가,제주특별자치도 제주시 구남동5길 12,제주시,33.4907433,126.5415302,4667
오드랑베이커리,제주특별자치도 제주시 조천읍 조함해안로 552-3,제주시,33.542137,126.671646,12510
복단지식당,제주특별자치도 제주시 한림읍 한림북동길 26,제주시,33.4174046,126.2640024,4968
제주전복이야기,제주특별자치도 서귀포시 대정읍 형제해안로 322,서귀포시,33.20677,126.29004,2330
제주삼다국수,제주특별자치도 서귀포시 김정문화로 59-1,서귀포시,33.2510739,126.5112127,8654
천제연토속음식점,제주특별자치도 서귀포시 천제연로 45,서귀포시,33.2569568,126.4111595,10724
루스트플레이스 베라체점,제주특별자치도 제주시 승천로 73,제주시,33.492416,126.54305,4324
루스트플레이스 서귀포점,제주특별자치도 서귀포시 신서로48번길 22,서귀포시,33.25358,126.507355,5429
누룽지식당,제주특별자치도 제주시 고산동산6길 15-1,제주시,33.4942197,126.5320533,3030
파리바게트 제스코본점,제주특별자치도 제주시 연북로 444,제주시,33.48046,126.52924,7262
쉬는팡가든,제주특별자치도 서귀포시 상예로 248,서귀포시,33.2667236,126.3944186,10166
파리바게트 애월,제주특별자치도 제주시 애월읍 애월로 128,제주시,33.464108,126.320885,7654
제주올레횟집,제주특별자치도 서귀포시 칠십리로 45,서귀포시,33.2408321,126.5618207,11271
월령203,제주특별자치도 제주시 한림읍 한림로 16-3,제주시,33.376152,126.21848,4184
베지그랑,제주특별자치도 서귀포시 효돈로170번길 20,서귀포시,33.262093,126.616516,4291
만부정,제주특별자치도 제주시 사장길 38,제주시,33.48196,126.49489,5548
리치망고,제주특별자치도 제주시 애월읍 애월해안로 272,제주시,33.4683713,126.3402434,71676
앞뱅디식당,제주특별자치도 제주시 선덕로 32,제주시,33.4853213,126.4999909,23936
애월리안,제주특별자치도 제주시 애월읍 애원로 4,제주시,33.4640331,126.3198363,4754
제주올레섬,제주특별자치도 제주시 선덕로 12,제주시,33.4854059,126.4978968,2838
아오리의 행방불명,제주특별자치도 서귀포시 안덕면 신화역사로304번길 38,서귀포시,33.3017501,126.3206458,3252
우진해장국,제주특별자치도 제주시 서사로 11,제주시,33.5114884,126.5200864,71292
소울키친,제주특별자치도 서귀포시 천제연로 131-7,서귀포시,33.254356,126.419655,5583
구이향연동점,제주특별자치도 제주시 연북로 68,제주시,33.481613,126.48853,3384
평대성게국수,제주특별자치도 제주시 구좌읍 해맞이해안로 1172,제주시,33.534233,126.83995,23794
에스프레소 라운지,제주특별자치도 제주시 한라대학로 1 (노형동),제주시,33.483097,126.477234,5395
경성통닭,제주특별자치도 서귀포시 중앙로42번길 17,서귀포시,33.248642,126.56357,3288
꽃향유,제주특별자치도 제주시 애월읍 고하상로 101,제주시,33.4569306,126.3475934,2536
돈가,제주특별자치도 제주시 문송길 36,제주시,33.486412,126.49712,3644
정서방해물뚝배기,제주특별자치도 제주시 연동3길 3,제주시,33.489494,126.48839,1542
마초그릴,제주특별자치도 제주시 중앙로 39,제주시,33.5147835,126.524992,7434
파니야그릴,제주특별자치도 서귀포시 중문로5번길 10,서귀포시,33.2527883,126.4226081,11400
난산리다방,제주특별자치도 서귀포시 성산읍 난산로41번길 39-2,서귀포시,33.3989363,126.8678823,452
제주한면가,제주특별자치도 제주시 조천읍 북선로 373,제주시,33.51203,126.70003,10033
"되도록 채식, 칠분의오",제주특별자치도 제주시 구좌읍 해맞이해안로 650-20,제주시,33.5584038,126.813213,1334
동복리해녀촌,제주특별자치도 제주시 구좌읍 동복로 33,제주시,33.553608,126.70991,21823
에릭스에스프레소 카페,제주특별자치도 제주시 구좌읍 구좌로 77,제주시,33.5214016,126.8589323,5199
나원회포차,제주특별자치도 서귀포시 동문동로 2 (서귀동),서귀포시,33.249676,126.56757,8149
제주담한식뷔페 구좌송당,제주특별자치도 제주시 구좌읍 비자림로 1575,제주시,33.4509119,126.7677935,6300
어멍밥상,제주특별자치도 서귀포시 중정로 22,서귀포시,33.247406,126.55873,9114
하몽인제주,제주특별자치도 제주시 한림읍 한림로 242,제주시,33.387806,126.23325,4915
중문덤장,제주특별자치도 서귀포시 천제연로 17,서귀포시,33.257664,126.40828,23369
하와유제주,제주특별자치도 제주시 애월읍 하귀로 85,제주시,33.482147,126.405624,3591
박장군,서귀포시 안덕면 중산간서로 2120,안덕면,33.28418,126.299034,4078
이오리,제주특별자치도 제주시 도리로 53,제주시,33.498657,126.45803,4742
루피카페,제주특별자치도 제주시 구좌읍 김녕로 79-2,제주시,33.554432,126.7468,766
평대랑 그네랑,제주특별자치도 제주시 구좌읍 대수길 22,제주시,33.53649,126.83832,7680
일오삼가든,제주특별자치도 제주시 진남로8길 13,제주시,33.5202404,126.5670524,4378
루스트플레이스 삼화점,제주특별자치도 제주시 화삼로 21,제주시,33.51443,126.5755,4782
황금무지개,제주특별자치도 서귀포시 표선면 표선관정로 113-2,서귀포시,33.323322,126.83222,4766
어부피자,제주특별자치도 서귀포시 성산읍 서성일로 1078-14,서귀포시,33.443462,126.89263,7630
시골길,제주특별자치도 제주시 연동13길 9,제주시,33.488842,126.49479,4127
숲속의작은집,제주특별자치도 제주시 주르레길 63,제주시,33.449406,126.47995,4408
카페 소바니,제주특별자치도 제주시 애월읍 곽지3길 18,제주시,33.448845,126.30551,4426
망고레이 함덕점,제주특별자치도 제주시 조천읍 조함해안로 504,제주시,33.54239,126.66692,9237
알라스카인제주 협재점,제주특별자치도 제주시 한림읍 협재6길 1,제주시,33.39521,126.24265,4238
우유부단 크림공작소,제주특별자치도 제주시 관덕로8길 7-5,제주시,33.51253,126.524185,5545
조끌락,제주특별자치도 제주시 구좌읍 김녕로21길 21,제주시,33.55773,126.75526,98
커피로카,제주특별자치도 제주시 고마로 86,제주시,33.5066094,126.5404817,1912
그대와함께라면,제주특별자치도 서귀포시 성산읍 환해장성로 929,서귀포시,33.4341333,126.9155328,7730
달빛머금은카페,제주특별자치도 제주시 중앙로3길 17,제주시,33.5156925,126.5264469,1982
맛있수다,제주특별자치도 서귀포시 예래로 50,서귀포시,33.2559341,126.401178,4693
서귀포바당물회,제주특별자치도 서귀포시 태평로 512번길 1-4 107호,서귀포시,33.249542,126.57284,8311
유나카페,제주특별자치도 서귀포시 남원읍 공천포로 81,서귀포시,33.266018,126.64182,2844
석다원,제주특별자치도 제주시 구좌읍 해맞이해안로 1752,제주시,33.5271,126.8892,4256
추억의 집,제주특별자치도 제주시 연삼로 414-1(이도이동),제주시,33.49581,126.53548,4014
하도리1091,제주특별자치도 제주시 구좌읍 하도13길 6,제주시,33.50871,126.88814,3328
국수바다 본점,제주특별자치도 서귀포시 일주서로 580,서귀포시,33.253023,126.447197,26417
쓰담뜨담,제주특별자치도 서귀포시 안덕면 난드르로 49-50,서귀포시,33.232338,126.36511,8753
도다모,제주특별자치도 제주시 신설로11길 5,제주시,33.4811111,126.5416667,9671
모슬포에서,제주특별자치도 서귀포시 대정읍 영서중로13번길 9-9,서귀포시,33.22151,126.25476,4515
봄날카페,제주특별자치도 제주시 애월읍 애월로1길 25,제주시,33.46246,126.30959,145212
순심이네한우흑돼지,제주특별자치도 서귀포시 안덕면 산방로 3,서귀포시,33.246075,126.33129,4382
도토리키친,제주특별자치도 제주시 북성로 59,제주시,33.5153851,126.5186671,8065
시영통닭,제주특별자치도 제주시 용문로 160,제주시,33.5086488,126.5104928,2708
교래흑돼지,제주특별자치도 제주시 조천읍 교래4길 73,제주시,33.4237,126.67509,9109
대니스카페,제주특별자치도 제주시 우도면 우도해안길 1128,제주시,33.497814,126.967995,2325
신촌덕인당,제주특별자치도 제주시 조천읍 신북로 36,제주시,33.532112,126.618706,7811
제주광어씨푸드레스토랑 표선점,제주특별자치도 서귀포시 표선면 표선당포로 7,서귀포시,33.325676,126.84353,6076
우도다방 돼지네땅콩손만두,제주특별자치도 제주시 우도면 우도로 28,제주시,33.494995,126.95319,4017
탐나는닭,제주시 신대로 169,신대로,33.482018,126.49667,146
얌얌키친,제주특별자치도 제주시 구좌읍 해맞이해안로 534,제주시,33.529167,126.85388,1626
카페멘도롱,제주특별자치도 서귀포시 대정읍 하모항구로 70,서귀포시,33.2194985,126.2515431,3606
아꼬떼카페,제주특별자치도 제주시 조천읍 선교로 548,제주시,33.45713,126.71081,4063
세컨드밀,제주특별자치도 제주시 남성로4길 3,제주시,33.5021941,126.5136855,1676
주상절리회국수,제주특별자치도 서귀포시 대포로 174,서귀포시,33.2387544,126.4396458,7772
써니하우스 커피&핫도그,제주특별자치도 서귀포시 안덕면 산방로 212,서귀포시,33.23643,126.31268,4664
돈채,제주특별자치도 제주시 우도면 우도로 16,제주시,33.49396,126.95229,3422
리치망고우도점,제주특별자치도 제주시 우도면 우도해안길 1132,제주시,33.4980277,126.9676373,3862
삼바리회센타,제주특별자치도 제주시 도남로7길 35,제주시,33.497143,126.52737,7225
진대감12제주,제주특별자치도 제주시 광평동로 45,제주시,33.483242,126.46864,3067
만세국수 삼성혈점,제주특별자치도 제주시 삼성로 29,제주시,33.5060627,126.5290897,7986
소길역,제주특별자치도 제주시 애월읍 소길2길 53,제주시,33.43808,126.38043,8198
유리네식당,제주특별자치도 제주시 연북로 146,제주시,33.4814363,126.4971069,13242
다소니,제주특별자치도 제주시 오남로6길 24,제주시,33.490672,126.5177399,984
쉬멍,제주특별자치도 제주시 구좌읍 해맞이해안로 1034,제주시,33.53994,126.83121,1450
한라산빵 1950,제주특별자치도 제주시 구산로 28,제주시,33.482927,126.5382678,8527
문동일셰프녹차고을,제주특별자치도 제주시 애월읍 하귀동남4길 13-1,제주시,33.4861735,126.415129,18079
우도동식이,제주특별자치도 제주시 우도면 우도해안길 276,제주시,33.504036,126.94191,9112
우무깨식당,제주특별자치도 제주시 우도면 우도해안길 356,제주시,33.50994,126.943535,4091
앙뚜아네트 탑동점,제주특별자치도 제주시 중앙로 13,제주시,33.5168663,126.5256918,3458
우정횟집,제주특별자치도 제주시 서부두길 16,제주시,33.517662,126.5284,5499
바농,제주특별자치도 서귀포시 이중섭로 19,서귀포시,33.246216,126.5643,2139
우도에서썸타,제주특별자치도 제주시 우도면 우도해안길 694,제주시,33.519844,126.95851,1509
올댓제주,제주특별자치도 제주시 중앙로1길 33 2층,제주시,33.5162354,126.5284396,5323
카페소금,제주특별자치도 제주시 애월읍 구엄길 96,제주시,33.4825056,126.3761037,5093
섬소나이,제주특별자치도 제주시 우도면 우도해안길 814,제주시,33.5131507,126.9579066,29241
카페태희,제주특별자치도 제주시 애월읍 곽지3길 27,제주시,33.449352,126.30442,6814
성미가든,제주특별자치도 제주시 조천읍 교래1길 2,제주시,33.437664,126.67696,8963
도두반점,제주특별자치도 제주시 서해안로 317,제주시,33.5095328,126.4792906,9825
어머니닭집,제주특별자치도 서귀포시 성산읍 고성오조로 13,서귀포시,33.44533,126.91341,8084
아찌국밥,제주특별자치도 제주시 한경면 고산로 34,제주시,33.304047,126.17972,11171
웬드구니,제주특별자치도 서귀포시 안덕면 사계신항로 1,서귀포시,33.25003,126.321014,12699
수모루국수,제주특별자치도 서귀포시 일주동로 9057,서귀포시,33.246784,126.5252,2656
한라네 김밥,제주특별자치도 서귀포시 일주동로 8697,서귀포시,33.252674,126.5594,7725
돈대장,제주특별자치도 제주시 흥운길 24-1 (용담이동),제주시,33.511047,126.51196,4107
더핀란드,제주특별자치도 제주시 서광로2길 27-2,제주시,33.4985404,126.5137092,2539
네모랑,제주 서귀포시 월드컵로 163,서귀포시,33.261562,126.49447,2659
우도아름다운소풍,제주특별자치도 제주시 우도면 우도해안길 446,제주시,33.51474,126.94959,5196
춘미향 식당,제주특별자치도 서귀포시 안덕면 산방로 382,서귀포시,33.231575,126.296295,7146
우도해광식당,제주특별자치도 제주시 우도면 하고수길 69,제주시,33.513447,126.956894,8943
우도자연,제주특별자치도 제주시 우도면 우도해안길 602,제주시,33.524437,126.95258,7082
봉자커피 봉개점,제주특별자치도 제주시 번영로 540,제주시,33.4880416,126.5983443,3399
산방식당(모슬포본점),제주특별자치도 서귀포시 대정읍 하모이삼로 62,서귀포시,33.223396,126.2543,33788
우도일출해올레가든,제주특별자치도 제주시 우도면 하고수길 13,제주시,33.509407,126.95429,1688
아웃도어키친,제주특별자치도 서귀포시 동홍로 370,서귀포시,33.280254,126.56486,5648
블루하우스,제주특별자치도 서귀포시 중앙로 73,서귀포시,33.251194,126.56117,2214
거기제주,제주특별자치도 서귀포시 대정읍 노을해안로 732 (신도리),서귀포시,33.2771433,126.1705781,3256
내담,제주특별자치도 서귀포시 예래로 296-1,서귀포시,33.241455,126.38309,3472
중문어촌계해녀의집,제주특별자치도 서귀포시 중문관광로 194,서귀포시,33.24265,126.41892,24167
메리앤폴,제주특별자치도 제주시 한림읍 일주서로 5872,제주시,33.443455,126.2936,3649
오라오거리정식,제주특별자치도 제주시 서광로 103,제주시,33.50044,126.50761,1666
목포고을,제주특별자치도 서귀포시 일주서로 968-5,서귀포시,33.2814107,126.4111118,15137
국수장터,제주특별자치도 제주시 동광로 50-1,제주시,33.5027151,126.5342559,7784
물고기카페,제주특별자치도 서귀포시 안덕면 난드르로 25-7,서귀포시,33.23432,126.36529,3859
하우스레서피,제주특별자치도 제주시 한림읍 일주서로 5892,제주시,33.443916,126.29547,3549
만선식당,제주특별자치도 서귀포시 대정읍 하모항구로 44,서귀포시,33.499622,126.53119,21877
구좌상회,제주특별자치도 제주시 구좌읍 월정1길 55,제주시,33.54681,126.78381,36386
몬떼마레,제주특별자치도 서귀포시 안덕면 사계북로 120 루시드엠빌딩,서귀포시,33.2368522,126.3005544,4867
복댕이,제주특별자치도 서귀포시 성산읍 일출로 34,서귀포시,33.44761,126.91659,4522
미영이네,제주 서귀포시 대정읍 하모항구로 42,서귀포시,33.21765,126.2499,16440
우도씨,제주특별자치도 제주시 우도면 우도해안길 1056,제주시,33.502277,126.96945,1420
하빌리스,제주특별자치도 제주시 전농로 37,제주시,33.504623,126.517235,1554
바람개비,제주특별자치도 제주시 우도면 우도해안길 1032,제주시,33.50374,126.9677,2105
에이팩토리 커피앤북스,제주특별자치도 제주시 탑동로 11,제주시,33.51695,126.52344,1652
우도앤살레,제주특별자치도 제주시 우도면 우도해안길 816,제주시,33.513073,126.95785,690
물꼬해녀의집,제주특별자치도 제주시 우도면 우도해안길 496,제주시,33.518635,126.94996,7346
제주분식,제주특별자치도 제주시 귀아랑길 23,제주시,33.491447,126.49762,2360
달마야해물탕,제주특별자치도 제주시 조천읍 북촌7길 37,제주시,33.5511417,126.6933531,4645
가시아방,제주특별자치도 서귀포시 성산읍 섭지코지로 10,서귀포시,33.4242095,126.931111,81601
차귀놀,제주특별자치도 제주시 한경면 한경해안로 136,제주시,33.322258,126.16691,3978
카고크루즈,제주특별자치도 제주시 탑동로 43,제주시,33.5175741,126.5204004,718
크리메이트,제주특별자치도 제주시 신설로6길 8 1층,제주시,33.476097,126.5543,5224
한라통닭,제주특별자치도 서귀포시 중정로73번길 13,서귀포시,33.2492088,126.5639079,4242
연동국수가게,제주특별자치도 제주시 연화로 2길 18,제주시,33.47728,126.48917,7880
올래국수,제주특별자치도 제주시 귀아랑길 24 (연동),제주시,33.4915,126.4973,143988
올레7돈 (올레칠돈),제주특별자치도 서귀포시 월평하원로 20,서귀포시,33.2438514,126.4596356,28277
제주 강남해물탕,제주특별자치도 서귀포시 대정읍 형제해안로 316,서귀포시,33.2071934,126.2903538,8274
말이,제주특별자치도 제주시 구좌읍 세화1길 40,제주시,33.52665,126.85567,5686
노라바,제주특별자치도 제주시 애월읍 구엄길 100,제주시,33.48283,126.376434,10725
섭지코지화덕피자,제주특별자치도 서귀포시 성산읍 신양로 102,서귀포시,33.4364202,126.9206412,2542
수다뜰,제주특별자치도 제주시 구좌읍 용눈이오름로 8,제주시,33.491867,126.89316,4981
바다의술책,제주특별자치도 제주시 한림읍 한림해안로 562,제주시,33.438766,126.27617,1106
참이쁜돼지,제주특별자치도 서귀포시 천제연로232번길 16,서귀포시,33.250095,126.43012,2238
호박다방,제주특별자치도 제주시 애월읍 일주서로 6111,제주시,33.456005,126.30891,9382
핸즈키친,제주특별자치도 제주시 구좌읍 비자숲길 13,제주시,33.495453,126.81211,660
문화통닭,제주특별자치도 서귀포시 성산읍 고성오조로 81,서귀포시,33.450886,126.91441,4925
망고홀릭 법환점,제주특별자치도 서귀포시 막숙포로 83,서귀포시,33.2343512,126.5134198,2495
흑돼지킹생구이전문점,제주특별자치도 제주시 도령로11길 26-9,제주시,33.4929123,126.4877418,8527
찰리아저씨맛집,제주특별자치도 제주시 한경면 용고로 118-2,제주시,33.3031554,126.1774634,916
호돌이식당,제주특별자치도 제주시 한림읍 비양도길 284,제주시,33.406414,126.23035,5686
코코마마,제주특별자치도 서귀포시 성산읍 일출로 258-11,서귀포시,33.4610216,126.9343367,9784
어진이네 횟집,제주특별자치도 서귀포시 보목포로 93,서귀포시,33.2408963,126.6106901,50157
끌림,제주특별자치도 서귀포시 성산읍 일주동로 4224,서귀포시,33.45145,126.91167,2537
빨간모자마법사,제주특별자치도 서귀포시 안덕면 녹차분재로59번길 3,서귀포시,33.29038,126.30143,8828
제주설심당 본점,제주특별자치도 제주시 서해안로 504,제주시,33.5194453,126.493001,870
용출횟집,제주특별자치도 제주시 용담3동 505,제주시,33.51623044,126.5078092,1899
스시호시카이,제주특별자치도 제주시 오남로 90,제주시,33.487827,126.51764,15466
대우정,제주특별자치도 서귀포시 이어도로 866-37,서귀포시,33.2331332,126.5070238,37212
섭지해녀의집,제주특별자치도 서귀포시 성산읍 섭지코지로 95,서귀포시,33.4337359,126.9253996,13342
LMNT,제주특별자치도 서귀포시 중문관광로110번길 31,서귀포시,33.2814107,126.4111118,2260
엘리엇스체어,제주특별자치도 제주시 구남동5길 14,제주시,33.489918,126.54029,784
고래라면,제주특별자치도 서귀포시 성산읍 삼달로 104,서귀포시,33.37195,126.85841,35608
번개피자,제주특별자치도 서귀포시 안덕면 녹차분재로 218 항공우주박물관 3층,서귀포시,33.30297,126.299065,3664
보물섬(대정),제주특별자치도 서귀포시 대정읍 최남단해안로 119,서귀포시,33.21146,126.25661,2792
커피주의보,제주특별자치도 제주시 남광로 16,제주시,33.492676,126.538155,2934
저스트쉬림프,제주특별자치도 제주시 애월읍 하귀10길 49-1,제주시,33.489346,126.41041,4455
태광식당,제주특별자치도 제주시 탑동로 144,제주시,33.5126542,126.5187352,9489
대성아귀찜,제주특별자치도 제주시 조천읍 함덕3길 4,제주시,33.54425,126.658,4118
카페숑,제주특별자치도 서귀포시 남원읍 공천포로 91,서귀포시,33.266415,126.64283,5962
윌라라,제주특별자치도 서귀포시 성산읍 성산중앙로 33,서귀포시,33.46289,126.932846,3264
커피코알라,제주특별자치도 제주시 과원북4길 71,제주시,33.48121,126.48916,2806
냠냠제주,제주특별자치도 제주시 조천읍 신조로 121,제주시,33.5195859,126.6320441,11823
초밥군커피씨,제주특별자치도 제주시 신선동길 19-1,제주시,33.5100843,126.5310428,8610
라운지엑스 애월점,제주특별자치도 제주시 애월읍 천덕로 880-24 A동 B1,제주시,33.3908081,126.3625262,978