도로명주소,지역,위도,경도,인기점수,
사려니숲길,제주특별자치도 제주시 조천읍 교래리 산 137-1,제주시,33.4180631,126.6534847,1763786
성산일출봉(UNESCO 세계자연유산),제주특별자치도 서귀포시 성산읍 일출로 284-12,서귀포시,33.462147,126.936424,1610274
우도(해양도립공원),제주특별자치도 제주시 우도면 삼양고수물길 1,제주시,33.51949,126.95109,1571436
비자림,제주특별자치도 제주시 구좌읍 비자숲길 55,제주시,33.491318,126.811386,1435959
만장굴,제주특별자치도 제주시 구좌읍 만장굴길 182,제주시,33.5548185,126.7969015,995501
천지연폭포,제주특별자치도 서귀포시 남성중로 2-15,서귀포시,33.2447173,126.5598201,911204
새별오름,제주특별자치도 제주시 애월읍 봉성리 산 59-8,제주시,33.36723,126.35711,698926
협재해수욕장,제주특별자치도 제주시 한림읍 한림로 329-10,제주시,33.393845,126.239716,679872
섭지코지,제주특별자치도 서귀포시 성산읍 섭지코지로 262,서귀포시,33.4236948,126.9296022,638768
카멜리아힐,제주 서귀포시 안덕면 병악로 166,서귀포시,33.289135,126.37011,583928
함덕해수욕장,제주특별자치도 제주시 조천읍 조함해안로 525,제주시,33.5431929,126.6699802,577960
한라산국립공원,제주특별자치도 제주시 1100로 2070-61,제주시,33.36132,126.54195,570431
한라산영실코스,제주특별자치도 서귀포시 영실로 246,서귀포시,33.3402,126.47921,540393
주상절리대(중문대포해안),제주특별자치도 서귀포시 이어도로 36-30,서귀포시,33.23834,126.42586,511667
용머리해안,제주특별자치도 서귀포시 안덕면 사계리 112-3,서귀포시,33.2334272,126.313741,490844
쇠소깍,제주특별자치도 서귀포시 쇠소깍로 104,서귀포시,33.2540919,126.6222974,475041
거문오름(UNESCO 세계자연유산),제주특별자치도 제주시 조천읍 선교로 569-36,제주시,33.4569963,126.7143064,474321
월정리해수욕장,제주특별자치도 제주시 구좌읍 월정리 33-3,제주시,33.55580941,126.796624,448262
정방폭포,제주특별자치도 서귀포시 칠십리로214번길 37,서귀포시,33.244854,126.5718,409341
에코랜드 테마파크,제주특별자치도 제주시 조천읍 번영로 1278-169,제주시,33.4617075,126.6703845,367117
오설록티뮤지엄,제주특별자치도 서귀포시 안덕면 신화역사로 15,서귀포시,33.30601,126.2901309,359947
애월한담해안산책로,제주특별자치도 제주시 애월읍 곽지리 1359,제주시,33.45906,126.3106,354945
산굼부리,제주특별자치도 제주시 조천읍 비자림로 768,제주시,33.4316207,126.6900058,329348
천제연폭포,제주특별자치도 서귀포시 천제연로 132(중문동),서귀포시,33.25099,126.41689,326209
황우지해안,제주특별자치도 서귀포시 서홍동 766-1,서귀포시,33.241566,126.54981,319401
김녕해수욕장,제주특별자치도 제주시 구좌읍 구좌해안로 237,제주시,33.557926,126.75998,282367
아쿠아플라넷 제주,제주특별자치도 서귀포시 성산읍 섭지코지로 95,서귀포시,33.4325283,126.9272108,276425
제주절물자연휴양림,제주특별자치도 제주시 명림로 584,제주시,33.4302354,126.6227963,259982
용눈이오름,제주특별자치도 제주시 구좌읍 종달리 산28,제주시,33.45993,126.831635,249023
금능해수욕장,제주특별자치도 제주시 한림읍 금능길 119-10,제주시,33.390003,126.23591,247403
보롬왓,제주특별자치도 서귀포시 표선면 번영로 2350-104,서귀포시,33.41367,126.75351,247175
곽지해수욕장,제주특별자치도 제주시 애월읍 애월원당길 (곽지리),제주시,33.45122,126.3058,246324
휴애리 자연생활공원,제주특별자치도 서귀포시 남원읍 신례동로 256,서귀포시,33.3330338,126.6180657,236899
용두암,제주특별자치도 제주시 용두암길 15,제주시,33.5149624,126.5116869,236123
"한림공원(협재굴, 쌍용굴)",제주특별자치도 제주시 한림읍 한림로 300(협재리),제주시,33.3879944,126.2397837,230628
메이즈랜드,제주특별자치도 제주시 구좌읍 비자림로 2134-47,제주시,33.48875,126.80093,224976
산방산,제주특별자치도 서귀포시 안덕면 사계리 산 16,서귀포시,33.236614,126.31289,223962
수월봉 지질트레일,제주특별자치도 제주시 한경면 노을해안로 1013-70,제주시,33.293736,126.16281,223960
제주돌문화공원,제주특별자치도 제주시 조천읍 남조로 2023,제주시,33.4180631,126.6534847,207794
산방굴사,제주특별자치도 서귀포시 안덕면 사계리 산 16,서귀포시,33.243855,126.31332,207369
산방산탄산온천,제주특별자치도 서귀포시 안덕면 사계북로 41번길 192,서귀포시,33.248665,126.29896,203693
제주동백수목원,제주특별자치도 서귀포시 남원읍 위미리 927,서귀포시,33.302706,126.6568975,202888
중문색달해수욕장,제주특별자치도 서귀포시 중문관광로72번길 100,서귀포시,33.2473598,126.4066129,202635
광치기해변,제주특별자치도 서귀포시 성산읍 섭지코지로 63,서귀포시,33.45245276,126.9245814,200720
백록담,제주특별자치도 서귀포시 토평동 산 15-1,서귀포시,33.362293,126.53332,199910
제주실탄사격장,제주특별자치도 서귀포시 소보리당로 164번길 62(상예동),서귀포시,33.2639753,126.3852041,198060
애월해안도로,제주특별자치도 제주시 애월읍 애월해안로,제주시,33.47822,126.36656,196545
세화해변,제주특별자치도 제주시 구좌읍 해녀박물관길 27,제주시,33.5253049,126.861276,193183
제주레일바이크,제주특별자치도 제주시 구좌읍 용눈이오름로 641,제주시,33.4646218,126.8369517,192588
이호테우말등대,제주특별자치도 제주시 서해안로 58,제주시,33.5021596,126.4564505,190471
서귀포치유의숲,제주특별자치도 서귀포시 산록남로 2271,서귀포시,33.292,126.52941,190265
1100고지습지,제주특별자치도 서귀포시 색달동 산 1-2,서귀포시,33.3575,126.46292,186990
제주김녕미로공원,제주특별자치도 제주시 구좌읍 만장굴길 122,제주시,33.5365838,126.7723967,185545
백약이오름,제주특별자치도 서귀포시 표선면 성읍리 산 1,서귀포시,33.437283,126.79018,184931
외돌개,제주특별자치도 서귀포시 서홍동 791,서귀포시,33.240063,126.54573,184844
송악산,제주특별자치도 서귀포시 대정읍 송악관광로 421-1,서귀포시,33.207714,126.29099,180855
중문관광단지,제주특별자치도 서귀포시 중문관광로72번길 35,서귀포시,33.248535,126.41039,180844
성읍민속마을,제주특별자치도 서귀포시 표선면 성읍정의현로 30,서귀포시,33.3850547,126.8015662,179558
방주교회,제주특별자치도 서귀포시 안덕면 산록남로762번길 113,서귀포시,33.305073,126.387665,179030
제주4.3평화공원,제주특별자치도 제주시 명림로 430,제주시,33.45058,126.61812,174641
아라고나이트 고온천(디아넥스호텔),제주특별자치도 서귀포시 안덕면 산록남로762번길 71,서귀포시,33.303474,126.39206,173705
다랑쉬오름(월랑봉),제주특별자치도 제주시 구좌읍 세화리 2705,제주시,33.4747784,126.8262601,164853
아침미소목장,제주특별자치도 제주시 첨단동길 160-20,제주시,33.45444,126.58662,164122
마라도(마라해양도립공원),제주특별자치도 서귀포시 대정읍 마라로101번길 46,서귀포시,33.11709285,126.2674732,162983
김경숙해바라기농장,제주특별자치도 제주시 번영로 854-1,제주시,33.47736,126.62767,161835
제주조천스위스마을,제주특별자치도 제주시 조천읍 함와로 566-27,제주시,33.4932304,126.6769248,159227
도두동 무지개 해안도로,제주특별자치도 제주시 도두1동,제주시,33.5093109,126.4739327,155079
헬로키티아일랜드,제주특별자치도 서귀포시 안덕면 한창로 340,서귀포시,33.29015,126.3522,154620
박물관은 살아있다,제주특별자치도 서귀포시 중문관광로 42,서귀포시,33.255043,126.409065,154125
제주민속촌,제주특별자치도 서귀포시 표선면 민속해안로 631-34,서귀포시,33.3225098,126.8418176,154030
비양도,제주특별자치도 제주시 한림읍 협재리,제주시,33.3819398,126.2497525,153968
가파도,제주특별자치도 서귀포시 대정읍 가파리,서귀포시,33.170017,126.271515,152398
환상숲 곶자왈공원,제주특별자치도 제주시 한경면 녹차분재로 594-1,제주시,33.322342,126.26323,152249
새연교,제주특별자치도 서귀포시 서홍동 707-4,서귀포시,33.238186,126.55907,151231
수월봉,제주특별자치도 제주시 한경면 고산리 3760,제주시,33.294754,126.16345,150095
제주러브랜드,제주특별자치도 제주시 1100로 2894-72,제주시,33.4519922,126.4890053,149022
이중섭거리,제주특별자치도 서귀포시 이중섭로 29,서귀포시,33.2455473,126.5644088,148214
녹산로유채꽃길,제주특별자치도 서귀포시 표선면 가시리 산 87-15,서귀포시,33.39823,126.71993,146948
아부오름,제주특별자치도 제주시 구좌읍 송당리 산 164-1,제주시,33.44878,126.7774,146607
신화테마파크,서귀포시 안덕면 신화역사로304번길 98,안덕면,33.299404,126.3193,145137
동백동산,제주특별자치도 제주시 조천읍 선흘리 산 12,제주시,33.51234966,126.7072644,144860
생각하는정원,제주특별자치도 제주시 한경면 녹차분재로 675,제주시,33.3257082,126.2552516,141160
본태박물관,제주특별자치도 서귀포시 안덕면 산록남로762번길 69,서귀포시,33.3038302,126.3925024,140758
여미지식물원,제주특별자치도 서귀포시 중문관광로 93,서귀포시,33.2531755,126.4149952,139685
윗세오름(웃세오름),제주특별자치도 제주시 애월읍 광령리 산 183-1,제주시,33.3701721,126.4819697,138063
제주유리의성,제주특별자치도 제주시 한경면 녹차분재로 462,제주시,33.314835,126.273445,135943
제주올레 7코스,제주특별자치도 서귀포시 서홍동 795-1,서귀포시,33.240437,126.548225,134935
소인국테마파크,제주특별자치도 서귀포시 안덕면 중산간서로 1878,서귀포시,33.2904213,126.322602,134381
제주레포츠랜드,제주특별자치도 제주시 조천읍 와흘상서2길 47,제주시,33.48239,126.63868,132230
한라수목원,제주특별자치도 제주시 수목원길 72,제주시,33.469604,126.4918,132146
제주하늘을날다(패러글라이딩),제주특별자치도 제주시 도남로17길 32 영산홍아파트 가동,제주시,33.4910557,126.5317204,130642
신비의도로,제주특별자치도 제주시 1100로 2894-63,제주시,33.451225,126.487305,129995
렛츠런파크,제주특별자치도 제주시 애월읍 평화로 2144,제주시,33.40782,126.39421,129276
제주아트서커스,제주특별자치도 서귀포시 안덕면 동광로 214,서귀포시,33.313927,126.34488,128865
안덕계곡,제주특별자치도 서귀포시 안덕면 일주서로 1524,서귀포시,33.258442,126.3529777,127511
신창풍차해안도로,제주특별자치도 제주시 한경면 한경해안로 485,제주시,33.3430267,126.17217,127016
성이시돌목장,제주특별자치도 제주시 한림읍 산록남로 53,제주시,33.3459727,126.3215552,125354
서귀포잠수함(대국해저관광),"제주특별자치도 서귀포시 남성중로 40 (서홍동, 유람선매표소) 서귀포잠수함",서귀포시,33.2392231,126.5586562,124649
해녀박물관,제주특별자치도 제주시 구좌읍 해녀박물관길 26,제주시,33.5242827,126.8629097,123625
선녀와나무꾼,제주특별자치도 제주시 조천읍 선교로 267,제주시,33.47903,126.70303,121722
9.81 파크,제주특별자치도 제주시 애월읍 천덕로 880-24,제주시,33.3928867,126.3586318,120581
오라동 청보리-메밀꽃밭,제주특별자치도 제주시 오라2동 산 76,제주시,33.426865,126.505775,120540
감귤박물관,제주특별자치도 서귀포시 효돈순환로 441,서귀포시,33.271523,126.60766,119792
제주허브동산,제주특별자치도 서귀포시 표선면 돈오름로 170,서귀포시,33.3225332,126.8228665,117899
어승생,제주특별자치도 제주시 해안동 1100도로 555번지 (해안동 산220-12번지),제주시,33.397373,126.49035,115935
제주특별자치도 도립미술관,제주특별자치도 제주시 1100로 2894-78,제주시,33.4525957,126.4896313,115064
송악산둘레길,제주특별자치도 서귀포시 대정읍 송악관광로 421-1,서귀포시,33.2077142,126.2909893,114970
관덕정,제주특별자치도 제주시 관덕로 19,제주시,33.513355,126.52145,112750
마방목지,제주특별자치도 제주시 516로 2480,제주시,33.42824,126.60599,111333
월령선인장군락지,제주특별자치도 제주시 한림읍 월령리 359-4,제주시,33.377865,126.21586,109400
1100고지(휴게소),제주특별자치도 서귀포시 1100로 1555,서귀포시,33.339912,126.43682,109267
도두봉,제주특별자치도 제주시 도두항길 4-17,제주시,33.5071377,126.4684832,108958
이호테우해수욕장,제주특별자치도 제주시 도리로 20,제주시,33.4961851,126.4559518,108670
약천사,제주특별자치도 서귀포시 이어도로 293-28,서귀포시,33.245766,126.44933,108092
스누피가든,제주특별자치도 제주시 구좌읍 금백조로 930,제주시,33.4424906,126.7773313,107813
붉은오름 자연휴양림,제주특별자치도 서귀포시 표선면 남조로 1487-73,서귀포시,33.395905,126.669785,107239
용연,제주특별자치도 제주시 흥운길 73,제주시,33.5152024,126.514026,106572
원앙폭포,제주특별자치도 서귀포시 돈내코로 137,서귀포시,33.30053,126.58174,104438
제주빅볼랜드,제주특별자치도 제주시 구좌읍 송당리 산164-4,제주시,33.443204,126.7749339,103970
제주항공우주박물관,제주특별자치도 서귀포시 안덕면 녹차분재로 218 항곡우주박물관,서귀포시,33.30413,126.299675,102617
돈내코,제주특별자치도 서귀포시 돈내코로 128-1,서귀포시,33.3011703,126.5847327,101769
금악오름(왕매),제주특별자치도 제주시 한림읍 금악리 산 1-1,제주시,33.3529941,126.3139406,101260
닭머르해안길,제주특별자치도 제주시 조천읍 신촌북3길 62-1,제주시,33.537785,126.61332,99188
일출랜드,제주특별자치도 서귀포시 성산읍 중산간동로 4150-30,서귀포시,33.3835243,126.8413634,99152
제주라프 짚라인,제주특별자치도 제주시 조천읍 선교로 117,제주시,33.487106,126.706276,98318
이호테우해수욕장_old,제주특별자치도 제주시 도리로 20,제주시,33.496185,126.455956,98164
제주월드컵경기장,제주특별자치도 서귀포시 월드컵로 33,서귀포시,33.2472388,126.5092079,97672
사계해변,제주특별자치도 서귀포시 안덕면 사계리 2147-35,서귀포시,33.22811456,126.3084815,97539
이니스프리제주하우스,제주특별자치도 서귀포시 안덕면 신화역사로 23,서귀포시,33.3063942,126.2905203,97433
물영아리오름,제주특별자치도 서귀포시 남원읍 남조로 988-11,서귀포시,33.361296,126.6926145,97287
"더럭초등학교(구, 더럭분교)",제주특별자치도 제주시 애월읍 하가로 195,제주시,33.453457,126.345276,97147
우도잠수함(제주씨월드),제주특별자치도 서귀포시 성산읍 성산등용로 130-21,서귀포시,33.47211,126.9332,97083
"군산(군산오름,코메오름)",제주특별자치도 서귀포시 안덕면 창천리 산 3-1,서귀포시,33.25161659,126.3681888,96948
위미리 동백나무군락,제주특별자치도 서귀포시 남원읍 위미중앙로300번길 23-7,서귀포시,33.27326,126.675934,95685
너븐숭이 4.3기념관,제주특별자치도 제주시 조천읍 북촌3길 3,제주시,33.545986,126.68877,95381
제주베니스랜드,제주특별자치도 서귀포시 성산읍 난산리 2575,서귀포시,33.416195,126.840904,94323
차귀도,제주특별자치도 제주시 한경면 고산리 125,제주시,33.313435,126.148796,93869
박수기정,제주특별자치도 서귀포시 안덕면 난드르로 90-25,서귀포시,33.2371317,126.358753,93510
케이제주씨워킹,제주특별자치도 서귀포시 대정읍 최남단해안로 120,서귀포시,33.2100551,126.2585746,92480
제주올레 1코스,제주특별자치도 서귀포시 성산읍 오조리 396-1,서귀포시,33.47192,126.91505,92133
항파두리항몽유적지,제주특별자치도 제주시 애월읍 항파두리로 50,제주시,33.452126,126.407455,92049
아날로그감귤밭,제주특별자치도 제주시 해안마을8길 46,제주시,33.45559,126.451096,91229
제주현대미술관,제주특별자치도 제주시 한경면 저지14길 35,제주시,33.34026,126.2663,90564
우도산호해변 홍조단괴 서빈백사,제주특별자치도 제주시 우도면 우도해안길 252,제주시,33.50230479,126.9432341,90220
테디베어뮤지엄제주,제주특별자치도 서귀포시 중문관광로110번길 31,서귀포시,33.2499815,126.4121571,90216
수목원테마파크,제주특별자치도 제주시 은수길 69,제주시,33.4705937,126.4883601,89671
노리매공원,제주특별자치도 서귀포시 대정읍 중산간서로 2260-15,서귀포시,33.28257,126.287544,89445
한라산어리목코스,제주특별자치도 제주시 1100로 2070-61,제주시,33.39223,126.49457,88774
최남단체험감귤농장(가뫼물),제주특별자치도 서귀포시 남원읍 남위남성로 168,서귀포시,33.2899733,126.6935278,88741
렛츠런팜제주,제주특별자치도 제주시 조천읍 남조로 1660,제주시,33.41699,126.681465,87392
표선해수욕장,제주특별자치도 서귀포시 표선면 표선리,서귀포시,33.32723069,126.8381014,87314
추자도,제주특별자치도 제주시 추자면 추자도,제주시,33.947014,126.3201,86200
신비의도로카트체험장,제주특별자치도 제주시 노형동 187-3,제주시,33.461826,126.48475,84355
초콜릿박물관,제주특별자치도 서귀포시 대정읍 일주서로3000번길 144,서귀포시,33.25704,126.23002,84033
제주목관아,제주특별자치도 제주시 관덕로 25,제주시,33.514103,126.52193,82143
따라비오름,제주특별자치도 서귀포시 표선면 가시리 산 62,서귀포시,33.389156,126.75325,82016
브릭캠퍼스,제주특별자치도 제주시 1100로 3045,제주시,33.45853572,126.4852027,81800
머체왓숲길,제주특별자치도 서귀포시 남원읍 서성로 755,서귀포시,33.3301649,126.6789687,81618
북촌돌하르방미술관,제주특별자치도 제주시 조천읍 북촌서1길 70,제주시,33.5387743,126.6887213,81050
검멀레해변,제주특별자치도 제주시 우도면 우도해안길,제주시,33.49698481,126.9686027,80560
건강과성박물관,제주특별자치도 서귀포시 안덕면 일주서로 1611,서귀포시,33.2550314,126.3452068,79096
제주별빛누리공원,제주특별자치도 제주시 선돌목동길 60,제주시,33.4445482,126.5492536,78875
곶자왈,제주특별자치도 서귀포시 대정읍 신평리,서귀포시,33.28449,126.27018,78870
김녕사굴,제주특별자치도 제주시 구좌읍 덕천리 201-4,제주시,33.5011366,126.7742249,77494
국립제주박물관,제주특별자치도 제주시 일주동로 17,제주시,33.5139974,126.5489702,77404
넥슨컴퓨터박물관,제주특별자치도 제주시 1100로 3198-8,제주시,33.4862871,126.428576,77369
협재굴(한림공원),제주특별자치도 제주시 한림읍 한림로 300,제주시,33.3894949,126.2396825,77283
한담해변,제주특별자치도 제주시 애월읍 애월로1길 26-4,제주시,33.46004182,126.3105424,75833
쉼한모금,제주특별자치도 서귀포시 산록남로 1258,서귀포시,33.290375,126.42282,75764
서우봉,제주특별자치도 제주시 조천읍 함덕리 169-1,제주시,33.5344076,126.6342455,75757
더마파크,제주특별자치도 제주시 한림읍 월림7길 155,제주시,33.353992,126.24263,75743
퍼시픽 마리나 요트투어,제주특별자치도 서귀포시 중문관광로 154-17,서귀포시,33.2439248,126.4163378,75001
산방산 용머리해안 지질트레일,제주특별자치도 서귀포시 안덕면 사계북로41번길 192,서귀포시,33.235634,126.30946,74096
동굴의 다원 다희연,제주특별자치도 제주시 조천읍 선교로 266,제주시,33.4793016,126.700604,74040
엉또폭포,제주특별자치도 서귀포시 염돈로 121-8 (강정동),서귀포시,33.26835518,126.4999688,74028
다이나믹메이즈,제주특별자치도 서귀포시 표선면 번영로 2644,서귀포시,33.399128,126.785194,74020
삼양해수욕장,제주특별자치도 제주시 삼양동,제주시,33.525845,126.5863,73944
세계자동차 & 피아노박물관,제주특별자치도 서귀포시 안덕면 중산간서로 1610,서귀포시,33.283195,126.34977,73647
제주올레 10코스,제주특별자치도 서귀포시 대정읍 상모리 산 2-27,서귀포시,33.201736,126.28757,73467
구엄리돌염전,제주특별자치도 제주시 애월읍 애월해안로 708,제주시,33.482887,126.37733,73035
소천지,제주특별자치도 서귀포시 칠십리로485번길 2,서귀포시,33.2412706,126.5980115,72934
서귀포예술의전당,제주특별자치도 서귀포시 태평로 270,서귀포시,33.24523,126.55175,72566
김영갑갤러리 두모악,제주특별자치도 서귀포시 성산읍 삼달로 137,서귀포시,33.372063,126.85418,71840
신창~차귀해안도로,제주특별자치도 제주시 한경면 한경해안로 470,제주시,33.33567,126.16328,71727
제주올레 8코스,제주특별자치도 서귀포시 예래해안로 256,서귀포시,33.23657,126.38887,71597
동백포레스트,서귀포시 남원읍 신례리 1767,남원읍,33.299995,126.6297939,71584
제주불빛정원 테마파크,제주특별자치도 제주시 애월읍 평화로 2346,제주시,33.4222395,126.4092532,71299
아르떼뮤지엄,제주특별자치도 제주시 애월읍 어림비로 478,제주시,33.3973766,126.3457218,70666
비체올린,제주시 한경면 판조로 253-6,한경면,33.35901,126.21184,70169
누웨마루거리(구 바오젠),제주특별자치도 제주시 신광로 47,제주시,33.48774,126.49034,69616
도순다원,제주특별자치도 서귀포시 중산간서로356번길 152-41,서귀포시,33.273037,126.48306,68720
이중섭미술관,제주특별자치도 서귀포시 이중섭로 27-3,서귀포시,33.2459155,126.5649489,68610
플레이케이팝,제주특별자치도 서귀포시 중문관광로110번길 15,서귀포시,33.24992,126.41335,68321
삼성혈,제주특별자치도 제주시 삼성로 22,제주시,33.504166,126.5288,68316
제주바다체험장,제주특별자치도 제주시 구좌읍 일주동로 1921,제주시,33.5553334,126.7372024,67966
혼인지,제주특별자치도 서귀포시 성산읍 혼인지로 39-22,서귀포시,33.414932,126.894104,67963
사라오름,제주특별자치도 서귀포시 남원읍 신례리 산 2-1,서귀포시,33.371944,126.570915,67948
상효원,제주특별자치도 서귀포시 산록남로 2847-37,서귀포시,33.307217,126.58609,67367
서귀포칠십리시공원,제주특별자치도 서귀포시 서홍동 576-9,서귀포시,33.24609,126.5538,67327
루나폴,제주특별자치도 서귀포시 안덕면 일주서로 1836,서귀포시,33.2574551,126.3225226,67170
종달리수국길,제주특별자치도 제주시 구좌읍 해맞이해안로 2121,제주시,33.50903,126.909294,67097
알뜨르비행장,제주특별자치도 서귀포시 대정읍 상모리 1670,서귀포시,33.20444355,126.2728315,66576
제주동화마을,제주특별자치도 제주시 구좌읍 비자림로 1191,제주시,33.435982,126.7315083,66311
휘닉스 제주 유민 아르누보 뮤지엄,제주특별자치도 서귀포시 성산읍 섭지코지로 107,서귀포시,33.4300919,126.9272996,66057
귤밭76번지,제주특별자치도 제주시 화북이동 5495-2,제주시,33.283054,126.365265,66045
그리스신화박물관 / 트릭아이미술관,제주특별자치도 제주시 한림읍 광산로 942,제주시,33.3659432,126.35644,65997
관음사,제주특별자치도 제주시 산록북로 660,제주시,33.423782,126.55818,65823
드라마월드,제주특별자치도 제주시 애월읍 화전길 3,제주시,33.352234,126.36064,65800
시크릿가든촬영지,제주특별자치도 서귀포시 중문관광로 198 (중문동),서귀포시,33.242905,126.42043,65671
제주승마공원,제주특별자치도 제주시 애월읍 녹고메길 152-1,제주시,33.4052867,126.405382,65235
제주올레 6코스,제주특별자치도 서귀포시 보목동 1377-4,서귀포시,33.23712,126.59607,65131
제주센트럴파크,제주특별자치도 제주시 조천읍 비자림로 606,제주시,33.433598,126.67473,64970
아이스뮤지엄,제주특별자치도 제주시 은수길 69,제주시,33.47011,126.487595,64913
테디베어사파리 테지움,제주특별자치도 제주시 애월읍 평화로 2159,제주시,33.4194584,126.383518,64101
논짓물,제주특별자치도 서귀포시 예래해안로 253,서귀포시,33.2367992,126.3886721,63922
민속자연사박물관,제주특별자치도 제주시 삼성로 40,제주시,33.5061399,126.5316454,63344
제주해양동물박물관,제주특별자치도 서귀포시 성산읍 서성일로 689-21,서귀포시,33.42965,126.855606,62651
모슬포항,제주특별자치도 서귀포시 대정읍 신영로36번길 48,서귀포시,33.218925,126.24864,62606
토이승마장,제주특별자치도 서귀포시 안덕면 동광로 265-14,서귀포시,33.318214,126.344894,62398
서귀포자연휴양림,제주특별자치도 서귀포시 1100로 882,서귀포시,33.31167,126.45876,62341
서귀포유람선,제주특별자치도 서귀포시 남성중로 40,서귀포시,33.2392231,126.5586562,62020
믿거나말거나박물관 제주,제주특별자치도 서귀포시 중문관광로110번길 32,서귀포시,33.25108,126.412766,61956
가시리조랑말체험공원,제주특별자치도 서귀포시 표선면 녹산로 381-15,서귀포시,33.3831271,126.7362573,61905
노형수퍼마켙,제주특별자치도 제주시 노형로 89,제주시,33.4649309,126.4553144,61803
제주커피박물관 바움 Baum,제주특별자치도 서귀포시 성산읍 서성일로1168번길 89-17,서귀포시,33.4398,126.89912,61757
이상한 나라의 앨리스,제주특별자치도 서귀포시 안덕면 중산간서로 1881,서귀포시,33.2889437,126.3218702,61232
바이나흐튼 크리스마스 박물관,제주특별자치도 서귀포시 안덕면 평화로 654,서귀포시,33.308956,126.3279,61090
김녕요트투어,제주특별자치도 제주시 구좌읍 구좌해안로 229-16,제주시,33.5582139,126.7373381,60729
제주유리박물관,제주특별자치도 서귀포시 중산간서로 1403,서귀포시,33.278397,126.370186,60656
범섬,제주특별자치도 서귀포시 법환동,서귀포시,33.218575,126.517075,60653
제주국제공항,제주특별자치도 제주시 공항로 2,제주시,33.5063344,126.4952613,60572
교래자연휴양림,제주특별자치도 제주시 조천읍 남조로 2023,제주시,33.436817,126.66685,60476
한라생태숲,제주특별자치도 제주시 516로 2596,제주시,33.430924,126.595761,60073
퍼시픽 리솜 마린스테이지,제주특별자치도 서귀포시 중문관광로 154-17,서귀포시,33.2444327,126.4161942,59968
제주올레 17코스,제주특별자치도 제주시 도두1동 2612-1,제주시,33.505222,126.467964,59837
엉덩물계곡,제주특별자치도 서귀포시 중문관광로 192,서귀포시,33.2464,126.414536,59578
제주세계자연유산센터,제주특별자치도 제주시 조천읍 선흘리 478,제주시,33.500607,126.65108,58922
제주곶자왈도립공원,제주특별자치도 서귀포시 대정읍 에듀시티로 178,서귀포시,33.282955,126.27152,58616
저지 예술인 마을,제주특별자치도 제주시 한경면 저지14길 28-4,제주시,33.3394612,126.2672295,58223
산방산 랜드,제주특별자치도 서귀포시 안덕면 사계남로216번길 24-32,서귀포시,33.233696,126.311775,58136
신흥2리 동백마을,제주특별자치도 서귀포시 남원읍 한신로531번길 22-1,서귀포시,33.3201238,126.7451631,57672
성산항,제주특별자치도 서귀포시 성산읍 성산등용로 129-21,서귀포시,33.4721117,126.9331983,56988
제주올레 18코스,제주특별자치도 제주시 삼양1동 1131-2,제주시,33.528675,126.596535,56983
지니어스 로사이,제주특별자치도 서귀포시 성산읍 고성리 21,서귀포시,33.429596,126.9321,56323
노루생태관찰원,제주특별자치도 제주시 명림로 520,제주시,33.4087482,126.635052,55786
세리월드 테마파크,제주특별자치도 서귀포시 법환상로2번길 97-13,서귀포시,33.247314,126.51267,55399
선운정사,제주특별자치도 제주시 애월읍 구몰동길 65,제주시,33.429344,126.307205,55275
김녕 지질트레일,제주특별자치도 제주시 구좌읍 김녕로 209,제주시,33.5562,126.76165,55102
남원큰엉해변,제주특별자치도 서귀포시 남원읍 태위로 522-17,서귀포시,33.27338,126.70375,54999
사라봉,제주특별자치도 제주시 사라봉동길 61,제주시,33.51839778,126.5439168,54911
화순금모래해수욕장 담수풀장,제주특별자치도 서귀포시 안덕면 화순리 776-8,서귀포시,33.239594,126.33577,54701
우도 비양도,제주특별자치도 제주시 우도면 연평리,제주시,33.51471144,126.9674229,54443
코코몽 에코파크,제주특별자치도 서귀포시 남원읍 태위로 536,서귀포시,33.27463,126.70585,54197
천아숲길 천아계곡,제주특별자치도 제주시 애월읍 봉성리 산 1,제주시,33.355183,126.4252,53609
탑동,제주특별자치도 제주시 중앙로 2,제주시,33.518116,126.5241853,53219
화순곶자왈생태탐방숲길,제주특별자치도 서귀포시 안덕면 화순서동로 151,서귀포시,33.264614,126.33123,52827
싱계물 공원,제주 제주시 한경면 신창리 1322-1,제주시,33.343376,126.173996,52567
신양섭지해수욕장,제주특별자치도 서귀포시 성산읍 섭지코지로 88,서귀포시,33.4351929,126.9232266,52527
초콜릿랜드,제주특별자치도 서귀포시 중문관광로110번길 15,서귀포시,33.249115,126.41363,51764
성읍랜드,제주특별자치도 서귀포시 표선면 번영로 2650,서귀포시,33.3986187,126.7873531,51048
흑돼지거리,제주특별자치도 제주시 건입동,제주시,33.5132674,126.5511425,50404
지미봉,제주특별자치도 제주시 구좌읍 종달로1길 91-16,제주시,33.48953474,126.8779419,49867
미천굴,제주특별자치도 서귀포시 성산읍 중산간동로 4150-30,서귀포시,33.3835243,126.8413634,49739
삼다수숲길 지질트레일,제주특별자치도 제주시 조천읍 교래리 산 70-24,제주시,33.4180631,126.6534847,49447
화순금모래해수욕장,제주특별자치도 서귀포시 안덕면 화순해안로 91,서귀포시,33.23957949,126.3338399,49395
대장금촬영지(제주민속촌),제주특별자치도 서귀포시 표선면 민속해안로 631-34,서귀포시,33.322346,126.841484,49383
마라도잠수함,제주특별자치도 서귀포시 안덕면 형제해안로 13,서귀포시,33.22783,126.305435,49373
제주 카약올레,제주특별자치도 제주시 애월읍 애월로1길 22,제주시,0,0,48982
제주올레 5코스,제주특별자치도 서귀포시 남원읍 남태해안로 140,서귀포시,33.273167,126.70446,48189
김녕금속공예벽화마을,제주특별자치도 제주시 구좌읍 김녕항3길 18-16,제주시,33.557953,126.74662,47772
용담/용두암 해안도로,제주특별자치도 제주시 서해안로 687-8,제주시,33.51556,126.51218,47509
천왕사,제주특별자치도 제주시 1100로 2528-111,제주시,33.40763,126.49491,47327
청수곶자왈,제주특별자치도 제주시 한경면 대한로 1036,제주시,33.305817,126.26187,46760
서귀포천문과학문화관,제주특별자치도 서귀포시 1100로 506-1,서귀포시,33.28769,126.46199,46313
제주참숯가마찜질방,제주특별자치도 서귀포시 성산읍 삼달로 47,서귀포시,33.3822884,126.8347756,45878
제주추사관,제주특별자치도 서귀포시 대정읍 추사로 44,서귀포시,33.25022,126.27838,45739
아프리카박물관,제주특별자치도 서귀포시 이어도로 49,서귀포시,33.23984,126.429146,45666
알작지해변,제주특별자치도 제주시 테우해안로 60,제주시,33.49593405,126.4391301,45103
전농로 서사라문화거리,제주특별자치도 제주시 서사로7길 27,제주시,33.506634,126.522415,45072
점보빌리지,제주특별자치도 서귀포시 안덕면 평화로 319번길 31-11,서귀포시,33.275467,126.305115,44320
쇠소깍해변,제주특별자치도 서귀포시 하효동,서귀포시,33.25114,126.62344,44279
쉬리의언덕,제주특별자치도 서귀포시 중문관광로72번길 114,서귀포시,33.244597,126.406077,44232
제주올레 15-A코스,제주특별자치도 제주시 애월읍 납읍리 2695-5,제주시,33.430183,126.319374,44166
새섬,제주특별자치도 서귀포시 남성중로 40,서귀포시,33.23647274,126.5615906,43845
제주국제컨벤션센터 icc,제주특별자치도 서귀포시 중문관광로 224,서귀포시,33.241364,126.424515,43811
아끈다랑쉬,제주특별자치도 제주시 구좌읍 세화리 2593,제주시,33.47431258,126.8311494,43371
돈내코유원지,제주특별자치도 서귀포시 돈내코로 120,서귀포시,33.30042,126.584206,43305
제주도립김창열미술관,제주특별자치도 제주시 한경면 용금로 883-5,제주시,33.3389037,126.2682351,43132
연화못,제주특별자치도 제주시 애월읍 고하상로,제주시,33.446693,126.35397,43130
한라산소주공장,제주특별자치도 제주시 한림읍 한림로 555,제주시,33.4073649,126.2563337,42773
걸매생태공원,제주특별자치도 서귀포시 서홍동 1207,서귀포시,33.252052,126.554306,42598
하도해변,제주특별자치도 제주시 구좌읍 해맞이해안로,제주시,33.5183,126.9017,42153
안돌오름,제주특별자치도 제주시 구좌읍 송당리 산 66-2,제주시,33.45711281,126.756355,42052
성산·오조 지질트레일,제주특별자치도 서귀포시 성산읍 오조로 30,서귀포시,33.456703,126.914986,41752
빌레못동굴,제주특별자치도 제주시 애월읍 어음리 1391,제주시,33.408165,126.35178,41469
피규어뮤지엄 제주,제주특별자치도 서귀포시 안덕면 한창로 243,서귀포시,33.2819208,126.3555472,41351
제주카트클럽,제주특별자치도 제주시 한림읍 중산간서로 3853,제주시,33.347687,126.25606,41306
제주문예회관,제주특별자치도 제주시 동광로 69,제주시,33.5043089,126.5353859,41274
송당승마장,제주특별자치도 제주시 구좌읍 번영로 2015,제주시,33.43554,126.741356,40923
제주올레 19코스,제주특별자치도 제주시 조천읍 조천리 1142,제주시,33.52431,126.64442,40748
토이파크,제주특별자치도 서귀포시 안덕면 동광로 267-7,서귀포시,33.319084,126.34573,40608
서귀다원,제주특별자치도 서귀포시 516로 717,서귀포시,33.312805,126.596466,40498
금능석물원,제주특별자치도 제주시 한림읍 한림로 176,제주시,33.38459,126.226875,40435
쌍용굴(한림공원),제주특별자치도 제주시 한림읍 한림로 300,제주시,33.3894949,126.2396825,40415
아이리스촬영지(하얀등대),제주특별자치도 서귀포시 표선면,서귀포시,33.319492,126.84776,40140
두맹이골목,제주특별자치도 제주시 동문로16길 17-4,제주시,33.51202,126.53499,39378
서귀포항,제주특별자치도 서귀포시 칠십리로72번길 14,서귀포시,33.239174,126.56545,39378
소정방폭포,제주특별자치도 서귀포시 칠십리로214번길 17-17,서귀포시,33.2450745,126.5774938,39213
송악산 진지동굴,제주특별자치도 서귀포시 대정읍 상모리,서귀포시,33.19995931,126.2932269,39022
마린파크,제주특별자치도 서귀포시 안덕면 화순중앙로 132,서귀포시,33.240707,126.334724,38771
큰노꼬메오름,제주특별자치도 제주시 애월읍 유수암리 산 138,제주시,33.39231,126.41524,38256
5.16도로숲터널,제주특별자치도 서귀포시 남원읍 신례리 산 2-1,서귀포시,33.36869,126.62519,38210
신화워터파크,제주특별자치도 서귀포시 안덕면 신화역사로304번길 38,서귀포시,33.3017501,126.3206458,37891
성읍녹차마을,제주특별자치도 서귀포시 표선면 중산간동로 4778,서귀포시,33.4112985,126.7819256,37739
레이저서바이벌M,제주특별자치도 제주시 신광로 58 4층,제주시,33.4870349,126.4897301,37607
자구리공원,제주특별자치도 서귀포시 칠십리로 145,서귀포시,33.24342322,126.5694497,37305
중문미로파크,제주특별자치도 서귀포시 일주서로 1225-5,서귀포시,33.2631,126.38159,37230
종달리해안도로,제주특별자치도 제주시 구좌읍 종달리 630-1,제주시,33.482853,126.901794,37170
산지천,제주특별자치도 제주시 건입동,제주시,33.51317119,126.5272515,37152
뽀로로&타요 테마파크 제주,제주특별자치도 서귀포시 안덕면 병악로 269,서귀포시,33.3009289,126.3710876,37113
쇠소깍해양레저타운,제주특별자치도 서귀포시 쇠소깍로 151-8 (하효동),서귀포시,33.250526,126.62091,36654
제주힐링명상센터,제주특별자치도 제주시 애월읍 어음13길 196,제주시,33.3954954,126.3611333,36172
김녕해수욕장야영장,제주특별자치도 제주시 구좌읍 해맞이해안로 7-6,제주시,33.55699,126.7602,35945
용담레포츠공원,제주특별자치도 제주시 서해안로 580,제주시,33.517963,126.49961,35710
해품은체험농장,제주특별자치도 서귀포시 성산읍 서성일로 1078-14,서귀포시,33.443462,126.89263,35435
약천사 템플스테이,제주특별자치도 서귀포시 이어도로 293-28 (대포동),서귀포시,33.24533,126.44967,35356
플레이박스VR,제주특별자치도 제주시 은수길 69,제주시,33.47011,126.487595,35296
"저지오름(닥몰오름,새오름)",제주특별자치도 제주시 한경면 저지리 산 51,제주시,33.333008,126.25095,35199
섬속의섬우도렌트,제주특별자치도 제주시 우도면 우도해안길 84-2,제주시,33.5033191,126.9556775,35046
산방산유람선,제주특별자치도 서귀포시 안덕면 화순해안로106번길 16,서귀포시,33.236904,126.33513,34891
서복전시관,제주특별자치도 서귀포시 칠십리로 156-8,서귀포시,33.2448641,126.5706551,34874
토끼섬,제주특별자치도 제주시 구좌읍 하도리,제주시,33.52437537,126.9028257,34704
윈드1947 카트 테마파크,제주특별자치도 서귀포시 토평공단로 78-27,서귀포시,33.289717,126.5888625,34644
휴림,제주특별자치도 제주시 애월읍 광령남서길 40,제주시,33.3701721,126.4819697,34546
서프라이즈테마파크,제주특별자치도 제주시 조천읍 남조로 2243,제주시,33.4819547,126.6406839,34353
제주올레 4코스,제주특별자치도 서귀포시 남원읍 태흥리 200-2,서귀포시,33.299873,126.75359,34207
마라도성당,제주특별자치도 서귀포시 대정읍 마라로 153,서귀포시,33.11572697,126.2691737,33973
한림항,제주특별자치도 제주시 한림읍 한림해안로 192,제주시,33.419075,126.26264,33954
김만덕객주,제주특별자치도 제주시 임항로 68,제주시,33.5164883,126.5322757,33755
제주난타,제주특별자치도 제주시 선돌목동길 56-26,제주시,33.445293,126.54792,33662
이중섭거주지,제주특별자치도 서귀포시 이중섭로 29,서귀포시,33.2455319,126.564526,33591
별내린전망대,제주특별자치도 서귀포시 색달동 2938-1,서귀포시,33.24755,126.4168,33575
방림원,제주특별자치도 제주시 한경면 용금로 864,제주시,33.336983,126.26866,33537
산양큰엉곶,제주특별자치도제주시 한경면 청수리 956-6,한경면,33.29201593,126.2522132,33377
별방진,제주특별자치도 제주시 구좌읍 하도리 3354,제주시,33.52612,126.88438,33276
보물섬하이킹,제주특별자치도 제주시 용문로14길 14,제주시,33.50585,126.510254,32821
문섬(서귀포해양도립공원),제주특별자치도 서귀포시 칠십리로,서귀포시,33.226475,126.565994,32815
용두암해안도로카페거리,제주특별자치도 제주시 용담3동,제주시,33.519577,126.492165,32677
형제섬,제주특별자치도 서귀포시 안덕면 사계리 산 44,서귀포시,33.209785,126.31431,32641
탑동해변공연장,제주특별자치도 제주시 중앙로 2,제주시,33.518116,126.5241853,32520
빛의 벙커,제주특별자치도 서귀포시 성산읍 고성리  2039-22,서귀포시,33.4398006,126.8991174,32465
제주올레 1-1코스,제주특별자치도 제주시 우도면 연평리 2473-1,제주시,33.505802,126.94178,32124
제주 패러글라이딩 스쿨,"제주특별자치도 제주시 신선길 17-6, 일도주택3층(일도2동)",제주시,33.510384,126.53031,32083
섯알오름,제주특별자치도 서귀포시 대정읍 상모리 1618,서귀포시,33.20450506,126.281676,32013
하고수동해변,제주특별자치도 제주시 우도면 연평리,제주시,33.514126,126.958595,31959
낙천리아홉굿의자마을,제주시 한경면 낙수로 97,한경면,33.32757,126.22681,31951
산지등대,제주특별자치도 제주시 사라봉동길 108-1 (건입동),제주시,33.52147,126.54543,31681
사계해안도로,제주특별자치도 서귀포시 안덕면 사계리,서귀포시,33.21973,126.29425,31599
영주산,제주특별자치도 서귀포시 표선면 번영로,서귀포시,33.405403,126.79736,31587
성산 유채꽃재배단지,제주특별자치도 서귀포시 성산읍 일출로,서귀포시,33.449998,126.9224688,31281
사려니오름,제주특별자치도 서귀포시 남원읍 516로 1648-87,서귀포시,33.3350666,126.6432356,31215
하멜상선전시관,제주특별자치도 서귀포시 안덕면 사계남로216번길 24-30,서귀포시,33.23343,126.31374,30951
제주올레 20코스,제주특별자치도 제주시 구좌읍 행원동길 22,제주시,33.554977,126.7993,30860
제주올레 16코스,제주특별자치도 제주시 애월읍 고내리 1111-2,제주시,33.466846,126.338135,30856
조천함덕해안도로,제주특별자치도 제주시 조천읍 조천8길 14-1,제주시,33.52976,126.6448,30397
서건도,제주특별자치도 서귀포시 강정동 산 1,서귀포시,33.23007,126.49852,30168
제주올레 2코스,제주특별자치도 서귀포시 성산읍 고성리 2563-3,서귀포시,33.43367,126.8973,30151
정물오름,제주특별자치도 제주시 한림읍 금악리 산 52-1,제주시,33.33764,126.33035,30053
카카오본사(구 스페이스닷원),제주특별자치도 제주시 첨단로 242,제주시,33.4500257,126.5733138,29984
제주돌마을공원,제주특별자치도 제주시 한림읍 금능남로 421,제주시,33.3537549,126.2536813,29870
장생의 숲길,제주특별자치도 제주시 명림로 584,제주시,33.439373,126.62845,29869
제주올레 3코스,제주특별자치도 서귀포시 표선면 하천리 87-1,서귀포시,33.33356,126.84455,29773
사라봉공원,제주특별자치도 제주시 사라봉동길 74 (건입동),제주시,33.51921,126.5473,29743
우도등대,제주특별자치도 제주시 우도면 우도봉길 105,제주시,33.50332,126.95568,29491
어승생승마장 Horseland Jeju,제주특별자치도 제주시 1100로 2659 (노형동),제주시,33.425396,126.49087,29455
더마카트,제주특별자치도 제주시 한림읍 월림7길 155,제주시,33.355522,126.24203,29089
갯깍주상절리,제주특별자치도 서귀포시 예래해안로 357,서귀포시,33.2409655,126.3958822,29070
세계술박물관,제주특별자치도 서귀포시 표선면 한마음초등로 431,서귀포시,33.3539592,126.817669,28950
제주제트,제주특별자치도 서귀포시 대포로 172-5,서귀포시,33.2435151,126.4352216,28949
제주카약,제주특별자치도 제주시 조천읍 평사길 19,제주시,33.5437998,126.6739948,28825
탐나라공화국(제주남이섬),제주특별자치도 제주시 한림읍 한창로 897,제주시,33.355577,126.3056877,28777
디스커버제주,제주특별자치도 서귀포시 대포로 26,서귀포시,33.2435151,126.4352216,28692
평대리해변,제주특별자치도 제주시 구좌읍 평대리 515-24,제주시,33.53231,126.84808,28664
영실기암,제주특별자치도 서귀포시 하원동,서귀포시,33.34389,126.4925,28641
해적잠수함,제주특별자치도 제주시 한경면 노을해안로 1146,제주시,33.308254,126.1647,28571
붉은오름(표선면),제주특별자치도 서귀포시 표선면 남조로 1487-73,서귀포시,33.3828211,126.7313785,28514
세계조가비박물관,제주특별자치도 서귀포시 태평로 284,서귀포시,33.2475156,126.55173,28393
제주올레 9코스,제주특별자치도 서귀포시 안덕면 감산리 982-2,서귀포시,33.2371,126.36139,28335
한국야구명예전당(야구박물관),제주특별자치도 서귀포시 중산간서로 97-1,서귀포시,33.26081,126.49815,28316
파파빌레,제주특별자치도 제주시 조천읍 남조로 2185,제주시,33.4634233,126.6520259,28098
오조포구,제주특별자치도 서귀포시 성산읍 오조리,서귀포시,33.462772,126.92111,28037
성널오름 (성판악),제주특별자치도 서귀포시 남원읍 신례리,서귀포시,33.37372,126.59245,27938
고살리숲길,제주특별자치도 서귀포시 남원읍 하례리 산 54-2,서귀포시,33.31648864,126.5975409,27794
올레여행자센터,제주특별자치도 서귀포시 중정로 22,서귀포시,33.247406,126.55873,27754
엉알해안산책로,제주특별자치도 제주시 한경면 노을해안로 1143,제주시,33.3079446,126.164135,27737
제주올레 14코스,제주특별자치도 제주시 한림읍 월령리 산 9-15,제주시,33.371227,126.224846,27653
법환포구,제주특별자치도 서귀포시 막숙포로37번길 2,서귀포시,33.237774,126.51579,27550
강정천유원지,제주특별자치도 서귀포시 강정통물로 (강정동),서귀포시,33.233673,126.49047,27361
섶섬(서귀포해양도립공원),제주특별자치도 서귀포시 마소물로,서귀포시,33.230137,126.5992,27352
어리목계곡,제주특별자치도 제주시 1100로 2070-61,제주시,33.3967883,126.4878526,27302
숫모르편백나무숲길,제주특별자치도 제주시 516로 2596,제주시,33.430923,126.595764,27282
황금굴(한림공원),제주특별자치도 제주시 한림읍 한림로 300,제주시,33.3879944,126.2397837,27126
애월 한담 카약,제주 제주시 애월읍 애월로1길 25,제주시,33.46246,126.30959,26964
검멀레동굴,제주특별자치도 제주시 우도면,제주시,33.49634,126.96676,26915
최영장군사당,제주특별자치도 제주시 추자면 대서3길 10,제주시,33.964085,126.295525,26892
표선세화해안도로,제주특별자치도 서귀포시 표선면 표선리,서귀포시,33.524757,126.8606,26879
조안베어뮤지엄,제주특별자치도 서귀포시 대포로 113 (대포동),서귀포시,33.2402778,126.4341667,26710
지포뮤지엄,제주특별자치도 서귀포시 성산읍 섭지코지로 107,서귀포시,33.430576,126.92777,26618
서귀포층패류화석산지,제주특별자치도 서귀포시 남성중로 43,서귀포시,33.23962511,126.5579874,26615
숨도(구.석부작박물관),제주특별자치도 서귀포시 일주동로 8941 (호근동),서귀포시,33.250103,126.53654,26491
단산(바굼지오름),제주특별자치도 서귀포시 안덕면 향교로 165-23,서귀포시,33.2399744,126.2891838,26447
황우지해안 열두굴,제주특별자치도 서귀포시 서홍동 764-1,서귀포시,33.23915,126.54786,26256
제주 삼양동 유적,제주특별자치도 제주시 선사로2길 13 (삼양일동),제주시,33.523994,126.58665,26241
고근산(고공산),제주특별자치도 서귀포시 고근산로202번길 48,서귀포시,33.26679698,126.5137438,26240
해맞이해안로,제주특별자치도 제주시 구좌읍 김녕리,제주시,33.558674,126.79477,26152
이랜드뮤지엄,제주특별자치도 제주시 한림해안로 530,제주시,33.436172,126.27444,26132
낙타트래킹,제주특별자치도 서귀포시 표선면 번영로 2564-21,서귀포시,33.40256,126.77849,26119
함덕카페거리,제주특별자치도 제주시 조천읍 함덕리,제주시,33.54264,126.66915,26114
제주올레 12코스,제주특별자치도 서귀포시 대정읍 신도리 2883-2,서귀포시,33.286324,126.171646,26112
"당산봉(당오름,차귀오름)",제주특별자치도 제주시 한경면 고산리 산 15,제주시,33.30769668,126.1726693,26056
화조원,제주특별자치도 제주시 애월읍 애원로 804,제주시,33.411109,126.3714311,26033
어린이교통공원,제주특별자치도 제주시 명림로 437 (봉개동 4.3 공원 맞은편),제주시,33.451493,126.6234132,26014
액티브파크,제주특별자치도 제주시 한림읍 금능남로 76,제주시,33.3598575,126.2460727,25936
순례자의교회,제주특별자치도 제주시 한경면 일주서로 3960-24,제주시,33.319828,126.18061,25923
제주아리랑 NEW 혼,제주특별자치도 서귀포시 표선면 번영로 2564-21,서귀포시,33.4034064,126.7794495,25922
그랑블루 요트투어,제주특별자치도 서귀포시 대포로 172-7 2층 그랑블루요트,서귀포시,33.238754,126.439644,25543
장전리 벚꽃축제길,제주특별자치도 제주시 애월읍 광상로 403,제주시,33.44326,126.390686,25318
에코승마아카데미(구.제주승마장),제주특별자치도 제주시 조천읍 교래리 39-3번지 (비자림로 1065),제주시,33.4276176,126.6665803,25221
제주월드21(철거),제주특별자치도 제주시 임항로 17,제주시,33.51673,126.52715,25159
왈종미술관,제주특별자치도 서귀포시 칠십리로214번길 30,서귀포시,33.245224,126.5739,24762
제주 카카오캠핑,제주특별자치도 제주시 일주서로 7867,제주시,33.494053,126.487564,24653
제주올레 21코스,제주특별자치도 제주시 구좌읍 하도리 3204-1,제주시,33.523525,126.86349,24516
민오름(오라동),제주특별자치도 제주시 오라2동 산 12,제주시,33.476444,126.50659,24400
서귀포시립기당미술관,제주특별자치도 서귀포시 남성중로153번길 15,서귀포시,33.244656,126.551796,24334
하늘여행 행글라이더체험장,제주특별자치도 서귀포시 안덕면 중산간서로 1877,서귀포시,33.28845182,126.3165592,24009
덕천리 팔자 좋아 길,제주특별자치도 제주시 구좌읍 중산간동로,제주시,33.4827438,126.7464684,23852
한림바다체험마을,제주특별자치도 제주시 한림읍 한림해안로 200,제주시,33.4197809,126.2628316,23802
차귀도유람선,제주특별자치도 제주시 한경면 노을해안로 1163 차귀도유람선,제주시,33.3089957,126.1658373,23734
납읍난대림 금산공원,제주특별자치도 제주시 애월읍 납읍리 1457-1,제주시,33.4340225,126.3309825,23674
문도지오름 (문돗지),제주특별자치도 제주시 한림읍 금악리 3444,제주시,33.33229622,126.2520476,23538
대평포구,제주특별자치도 서귀포시 안덕면 감천로190번길 9-62-2,서귀포시,33.2371,126.36139,23485
산천단,제주특별자치도 제주시 아라일동 375-4,제주시,33.44791,126.552986,23442
송당본향당,제주특별자치도 제주시 구좌읍 송당리,제주시,33.45618,126.76734,23286
김만덕기념관,제주특별자치도 제주시 산지로 7,제주시,33.5157,126.53032,23226
베릿네오름,제주특별자치도 서귀포시 중문상로17번길 51,서귀포시,33.24894541,126.4198219,23186
포레스트 사파리,제주특별자치도 제주시 조천읍 선교로 474-1,제주시,33.4777041,126.7135515,23168
제주랜드ATV,제주특별자치도 서귀포시 표선면 번영로 2561,서귀포시,33.405084,126.780344,23087
예래생태체험관,제주특별자치도 서귀포시 예래로 213,서귀포시,33.2443642,126.3909914,22926
종달리전망대,제주특별자치도 제주시 구좌읍 해맞이해안로 2196,제주시,33.50375,126.91271,22769
대정해변(하모해변),제주특별자치도 서귀포시 대정읍 하모리,서귀포시,33.226463,126.25283,22735
SM 디지털아트 뮤지엄,제주특별자치도 제주시 애월읍 애월해안로 516-7,제주시,33.4770982,126.3602203,22610
제주판타지월드,제주특별자치도 제주시 애월읍 평화로 2157,제주시,33.4194584,126.383518,22605
성산포항,제주특별자치도 서귀포시 성산읍 성산등용로 130-21,서귀포시,33.47211,126.9332,22406
1112도로,제주특별자치도 제주시 명림로 584 (봉개동),제주시,33.439373,126.62845,22335
해거름전망대,제주특별자치도 제주시 한경면 일주서로 4641,제주시,33.37016,126.20664,22325
제주베스트힐 열기구랜드,제주특별자치도 제주시 조천읍 남조로 2109-36,제주시,33.454056,126.657524,22300
한라감귤체험농원(체험운영안함),제주특별자치도 서귀포시 성산읍 서성일로991번길 1,서귀포시,33.442627,126.88461,22178
제주올레 15-B코스,제주특별자치도 제주시 한림읍 한림해안로 192,제주시,33.41905,126.26263,22161
제주 더팔팔농장,제주특별자치도 서귀포시 성산읍 독자봉로60번길 20,서귀포시,33.38571,126.871056,22108
제주항일기념관,제주특별자치도 제주시 조천읍 신북로 303,제주시,33.5415236,126.6425739,22065
WE호텔 웰니스센터,제주특별자치도 서귀포시 1100로 453-95,서귀포시,33.2862186,126.4442655,22002
보통청춘기록실 청춘사진관,제주특별자치도 제주시 한림읍 귀덕11길 1,제주시,33.4439128,126.2937119,21997
엉알해안,제주특별자치도 제주시 한경면 고산리 3427-33,제주시,33.29957022,126.1674244,21976
제지기오름,제주특별자치도 서귀포시 보목동 275-1,서귀포시,33.242226,126.609375,21829
캐릭파크,제주특별자치도 제주시 조천읍 선교로 266,제주시,33.48002,126.70165,21736
제주올레 7-1코스,제주특별자치도 서귀포시 서호동 553-1,서귀포시,33.267822,126.520164,21626
다랑쉬굴,제주특별자치도 제주시 구좌읍 세화리 2608-6,제주시,33.469715,126.83181,21621
별도봉,제주특별자치도 제주시 선반로 (화북일동),제주시,33.51933305,126.5529974,21573
큰사슴이오름,제주특별자치도 서귀포시 표선면 중산간동로,서귀포시,33.4005,126.72963,21551
제주올레 14-1코스,제주특별자치도 서귀포시 안덕면 서광리 산 50-22,서귀포시,33.304893,126.28878,21492
아라리오뮤지엄탑동시네마,제주특별자치도 제주시 삼도2동 1261-8,제주시,33.51742,126.52344,21453
간세공방,제주특별자치도 서귀포시 중정로 22,서귀포시,33.247406,126.55873,21349
연북정,제주특별자치도 제주시 조천읍 조천리 2690,제주시,33.548126,126.64038,21266
제주올레 11코스,제주특별자치도 서귀포시 대정읍 동일리 3168,서귀포시,33.22835,126.24264,21237
제주올레 10-1코스,제주특별자치도 서귀포시 대정읍 가파리 298,서귀포시,33.170094,126.26971,21087
취다선리조트,제주특별자치도 서귀포시 성산읍 해맞이해안로 2688,서귀포시,33.4718786,126.9130109,20956
대정향교,제주특별자치도 서귀포시 안덕면 향교로 165-17,서귀포시,33.23958,126.2884,20844
추사적거지,제주특별자치도 서귀포시 대정읍 추사로 44,서귀포시,33.25022,126.27838,20830
제주기독교순례길,제주특별자치도 제주시 애월읍 금성하안길 3,제주시,33.446327,126.30273,20687
오현단,제주특별자치도 제주시 오현길 61,제주시,33.510136,126.52562,20659
쇠머리오름(우도봉),제주특별자치도 제주시 우도면 연평리 산 23,제주시,33.49136887,126.9633808,20637
제주국제평화센터,제주특별자치도 서귀포시 중문 관광로 227-24,서귀포시,33.2444,126.4219,20538
제주차귀도요트투어,제주특별자치도 제주시 한경면 한경해안로 156,제주시,33.3240083,126.1660356,20466
우도올레보트,제주특별자치도 제주시 우도면 연평리 2615-2,제주시,33.501495,126.94424,20329
캔디원,제주특별자치도 제주시 조천읍 선교로 384,제주시,33.4708686,126.7078957,20233
용연카누클럽,제주특별자치도 제주시 흥운길 79,제주시,33.5156106,126.5139903,20229
서귀포 강정 크루즈항,제주특별자치도 서귀포시 말질로 261,서귀포시,33.2523833,126.4911269,20178
파파월드,제주특별자치도 제주시 애월읍 평화로 2157,제주시,33.4194584,126.383518,20165
노을승마장,제주특별자치도 제주시 우도면 우도해안길 406-1,제주시,33.51140616,126.9438329,20014
"물메(물미, 수산봉)",제주특별자치도 제주시 애월읍 수산리 산 1-1,제주시,33.4737592,126.3846826,20012
귀빈사,제주특별자치도 제주시 구좌읍 비자림로 1456,제주시,33.4429016,126.7613249,19999
마원,제주특별자치도 제주시 조천읍 선흘리 2107-2,제주시,33.4593556,126.7033584,19958
제주올레 18-1코스,제주특별자치도 제주시 추자면 묵리 산 133,제주시,33.951923,126.30764,19864
월대천,제주특별자치도 제주시 월대6길 5,제주시,33.4935086,126.4360616,19725
서귀포 다이브센터,제주특별자치도 서귀포시 남원읍 하례망장포로 65-13 2층,서귀포시,33.25931105,126.6397522,19704
진아영 할머니 집터,제주특별자치도 제주시 한림읍 월령1길 22,제주시,33.376026,126.21468,19693
한울랜드,제주특별자치도 제주시 구좌읍 동백로 458,제주시,33.518837,126.73904,19649
김녕해안도로,제주특별자치도 제주시 구좌읍 김녕리,제주시,33.55654,126.7603,19611
쇠와꽃 승마장,제주특별자치도 서귀포시 성산읍 섭지코지로25번길 88-17,서귀포시,33.44715,126.920296,19582
자구내포구,제주특별자치도 제주시 한경면 고산리,제주시,33.309494,126.164894,19465
꽃썸,제주특별자치도 서귀포시 안덕면 동광로 151,서귀포시,33.309093,126.339615,19455
무릉곶자왈,제주특별자치도 서귀포시 대정읍 무릉리 산 1,서귀포시,33.291157,126.26312,19446
스쿠버스쿨,제주특별자치도 제주시 서해안로 301,제주시,33.5089684,126.4776764,19396
제주향교,제주특별자치도 제주시 서문로 43,제주시,33.511157,126.5160507,19313
한국병원,제주특별자치도 제주시 서광로 193,제주시,33.5003822,126.5167845,19313
한화리조트 테라피센터,제주특별자치도 제주시 명림로 575-107 한화리조트 로비층 지하,제주시,33.4489935,126.637412,19265
위미항,제주특별자치도 서귀포시 남원읍 위미중앙로196번길 6-13,서귀포시,33.2707092,126.6636358,19220
제주다이브 체험다이빙,제주특별자치도 서귀포시 월드컵로 84,서귀포시,33.242176,126.50496,19145
서귀포 궁도장(천지정),제주특별자치도 서귀포시 중산간서로 97-40,서귀포시,33.2592301,126.4980473,19057
(주)제주해양레저 투명카약,제주특별자치도 제주시 애월읍 애월로1길 22,제주시,33.462353,126.31049,19028
성김대건신부표착기념관,제주특별자치도 제주시 한경면 용수1길 108,제주시,33.322792,126.16779,18922
허브동산 미디어 파사드 (media facade),제주특별자치도 서귀포시 표선면 돈오름로 170,서귀포시,33.32985,126.81486,18911
효명사,제주특별자치도 서귀포시 남원읍 516로 815-41,서귀포시,33.3420367,126.5884214,18854
제주대학교 가는길,제주특별자치도 제주시 제주대학로 102,제주시,33.455303,126.561615,18809
사계 용머리해안 (해산물),제주특별자치도 서귀포시 안덕면 사계남로216번길 28,서귀포시,33.2336721,126.311389,18788
함덕야영장,제주특별자치도 제주시 조천읍 함덕리 1008,제주시,33.544018,126.66839,18724
생이기정,제주특별자치도 제주시 한경면 용수리 산 60,제주시,33.315594,126.16737,18700
대유ATV수렵사격랜드,제주특별자치도 서귀포시 상예로 381,서귀포시,33.2775412,126.3953648,18687
형제해안도로,제주특별자치도 서귀포시 대정읍 상모리 1649-1,서귀포시,33.20110262,126.2655368,18605
타보카 월정리투명카약,제주특별자치도 제주시 구좌읍 월정리 1400-4,제주시,33.56346,126.78025,18583
제주성지,제주특별자치도 제주시 오현길 61,제주시,33.510372,126.52607,18550
제주교육박물관,제주특별자치도 제주시 오복 4길 25,제주시,33.49451,126.53802,18432
원당봉,제주특별자치도 제주시 원당로16길 16-30,제주시,33.5262509,126.5983848,18432
종달리해변,제주특별자치도 제주시 구좌읍 종달리 565-72,제주시,33.51134649,126.8992494,18389
제주해양레저,제주특별자치도 서귀포시 중문관광로 192,서귀포시,33.243168,126.41885,18364
하멜기념비,제주특별자치도 서귀포시 안덕면 사계리 112-3,서귀포시,33.23286,126.314064,18341
제라진어드벤쳐,제주특별자치도 제주시 조천읍 선교로 33,제주시,33.4872096,126.7162685,18284
라온승마클럽,제주특별자치도 제주시 한림읍 월림7길 155,제주시,33.355453,126.2419,18263
올레캠프 본점 알파캠프,"제주특별자치도 서귀포시 김정문화로41번길 10-1(법환동, 탐라해오름 2층)",서귀포시,33.2524008,126.5095821,18211
설쿰바당,제주특별자치도 서귀포시 안덕면 사계리,서귀포시,33.2356687,126.3125597,18153
고흐의 정원,제주특별자치도 서귀포시 성산읍 삼달신풍로 126-5,서귀포시,33.3726076,126.855539,18136
넌걸어난탈래,제주특별자치도 제주시 우도면 2395-5,제주시,33.509293,126.94373,18131
성클라라수도원 금악성당,제주특별자치도 제주시 한림읍 금악북로 320,제주시,33.348213,126.31942,18107
대한민국최남단기념비/ 마라도 기념비,제주특별자치도 서귀포시 대정읍 마라로 131,서귀포시,33.114143,126.268616,18047
알프스승마장포니,제주특별자치도 서귀포시 표선면 서성일로 73,서귀포시,33.4112985,126.7819256,17925
환상숲곶자왈 담앙족욕,제주특별자치도 제주시 한경면 녹차분재로 594-1,제주시,33.3225764,126.2633048,17908
동산농원 딸기체험장,제주특별자치도 제주시 한경면 저지리 1448-2,제주시,33.333553,126.24605,17870
하도어촌체험마을,제주특별자치도 제주시 구좌읍 해맞이해안로 1897-27,제주시,33.5200922,126.9041337,17782
제주롯데스카이힐컨트리클럽,제주특별자치도 서귀포시 상예로 530,서귀포시,33.28456778,126.404932,17731
이승이오름(이승악),제주특별자치도 서귀포시 남원읍 신례리 산 12-19,서귀포시,33.36066,126.597206,17663
벨리타 캠핑장,제주특별자치도 제주시 조천읍 중산간동로 1194,제주시,33.507736,126.69782,17566
제주올레 13코스,제주특별자치도 제주시 한경면 조수리 2137-2,제주시,33.32883,126.21221,17544
제주 이호털보 배낚시,제주특별자치도 제주시 테우해안로 146,제주시,33.497173,126.44942,17482
정모시쉼터,제주특별자치도 서귀포시 부두로5번길 9,서귀포시,33.244876,126.5709843,17413
신천리 벽화마을,제주특별자치도 서귀포시 성산읍 신천리,서귀포시,33.3465229,126.8524043,17412
곽지해수욕장야영장,제주특별자치도 제주시 애월읍 곽지리 1565,제주시,33.450752,126.30563,17359
버디프렌즈 플래닛,제주특별자치도 서귀포시 천제연로 70,서귀포시,33.2814107,126.4111118,17304
모진이몽돌해변,제주특별자치도 제주시 추자면 신양리 56,제주시,33.946087,126.33401,17259
질그랭이센터,제주특별자치도 제주시 구좌읍 세평항로 46-9,제주시,33.4895966,126.8316644,17238
성읍목장,제주특별자치도 서귀포시 표선면 성읍리 1734,서귀포시,33.404278,126.791985,17191
함덕백사장 & 서우봉,제주특별자치도 제주시 조천읍 조함해안로 519-10,제주시,33.54379,126.668846,17173
백조일손지묘(백조일손지지),제주특별자치도 서귀포시 안덕면 사계리,서귀포시,33.20672,126.2813,17144
해피맘하우스,제주특별자치도 제주시 애월읍 애월해안로 306-3,제주시,33.4488627,126.3042586,17131
제주한라병원,제주특별자치도 제주시 도령로 65,제주시,33.4898195,126.4851928,17076
왕이메오름,제주특별자치도 서귀포시 안덕면 광평리 산 79,서귀포시,33.340233,126.37479,17075
마라도등대,제주특별자치도 서귀포시 대정읍 가파리 642,서귀포시,33.11671544,126.2695117,17074
가마오름 진지동굴,제주특별자치도 제주시 한경면 청수서5길 63,제주시,33.30579927,126.246806,17028
거슨새미오름,제주특별자치도 제주시 구좌읍 송당리 산 145,제주시,33.450573,126.759186,17011
제주플래티늄카라반,제주특별자치도 제주시 애월읍 하귀미수포길 5-8,제주시,33.48435,126.40223,16987
들렁모루 산책길,제주특별자치도 서귀포시 서홍동 2437,서귀포시,33.282448,126.54274,16939
서귀포 하영올레,제주특별자치도 서귀포시 중앙로 105,서귀포시,33.2540922,126.5601945,16684
귤빛캠핑장,제주특별자치도 제주시 조천읍 함와로 428,제주시,33.504955,126.67441,16656
막숙,제주특별자치도 서귀포시 막숙포로37번길 2,서귀포시,33.237775,126.5157941,16601
서광리 곶자왈생태탐방로,제주특별자치도 서귀포시 안덕면 서광리 산6-1,서귀포시,33.28604949,126.3382707,16569
삼매봉,제주특별자치도 서귀포시 남성로115번길 83,서귀포시,33.2639577,126.5507293,16544
두산봉(말미오름),제주특별자치도 서귀포시 성산읍 시흥리 산 1-5,서귀포시,33.47950858,126.8841474,16524
평화통일 불사리탑,제주특별자치도 제주시 조천읍 일주동로 884,제주시,33.532516,126.63599,16450
스프링데일CC,제주특별자치도 서귀포시 남원읍 서성로 459번지,서귀포시,33.32895,126.64069,16396
제주해양레저파크,제주특별자치도 제주시 조천읍 조함해안로 519-10,제주시,33.5437787,126.6688353,16347
톨칸이,제주특별자치도 제주시 우도면 연평리 1732-1,제주시,33.492393,126.9579,16327
소암기념관,제주특별자치도 서귀포시 소암로 15,서귀포시,33.24504,126.56752,16275
신산공원,제주특별자치도 제주시 신산로 92-12,제주시,33.5053177,126.5337062,16192
김녕 청굴물,제주특별자치도 제주시 구좌읍 김녕로1길 75-1,제주시,33.5579913,126.7512955,16085
도치돌 알파카목장,제주특별자치도 제주시 애월읍 도치돌길 303,제주시,33.4098961,126.3665965,16056
그랑블루호(선상낚시),제주특별자치도 서귀포시 남원읍 위미중앙로180번길 10,서귀포시,33.2746809,126.6626636,16042
도두항,제주특별자치도 제주시 도공로 2,제주시,33.507725,126.466576,16042
월정리해안도로,제주특별자치도 제주시 구좌읍 월정리 652-4,제주시,33.556572,126.79497,16015
비자림농원,제주특별자치도 제주시 조천읍 선흘동1길 31-71,제주시,33.5142094,126.718764,15878
핀크스 골프클럽,제주특별자치도 서귀포시 안덕면 산록남로 863,서귀포시,33.3159979,126.387643,15871
우도봉 ATV,제주특별자치도 제주시 우도면 우도봉길 47,제주시,33.4935234,126.9597097,15860
돔베낭길,제주특별자치도 서귀포시 태평로92번길 49,서귀포시,33.239983,126.53188,15783
까망고띠,제주특별자치도 제주시 조천읍 와선로 254,제주시,33.4848623,126.7001912,15724
돔베낭골,제주특별자치도 서귀포시 호근동,서귀포시,33.238617,126.53255,15652
아라리오뮤지엄동문모텔1,제주특별자치도 제주시 산지로 37-5,제주시,33.513565,126.52853,15642
반 고흐 인사이드,제주특별자치도 서귀포시 중문관광로 222,서귀포시,33.241806,126.422676,15628
무수천,제주특별자치도 제주시 애월읍 무수천길,제주시,33.463337,126.4466,15612
노을해안로,제주특별자치도 서귀포시 대정읍 노을해안로 24,서귀포시,33.24254,126.22441,15526
세화해안도로,제주특별자치도 제주시 구좌읍 구좌로,제주시,33.527126,126.88261,15500
서귀포해안,제주특별자치도 서귀포시 서호동,서귀포시,33.23262985,126.4982811,15486
비블리아성서식물원,제주특별자치도 제주시 한림읍 조성로 17,제주시,33.499622,126.53119,15442
소라의성,제주특별자치도 서귀포시 칠십리로214번길 17-17,서귀포시,33.2663197,126.5671727,15442
가마오름,제주특별자치도 제주시 한경면 청수서5길 63,제주시,33.3056558,126.249338,15434
라온골프클럽,제주특별자치도 제주시 한경면 용금로 998,제주시,33.3448687,126.2782452,15410
걸매예술마을,제주특별자치도 서귀포시 서홍로 4-42,서귀포시,33.249985,126.55515,15362
높은오름,제주특별자치도 제주시 구좌읍 송당리 산 213-1,제주시,33.45761407,126.7930905,15340
한림해안도로,제주특별자치도 제주시 한림읍 귀덕리,제주시,33.435574,126.26823,15315
개오름,제주특별자치도 서귀포시 표선면 성읍이리로57번길 162,서귀포시,33.42347315,126.7717223,15286
중문카라반,제주특별자치도 서귀포시 이어도로 81,서귀포시,33.24047,126.49301,15270
게우지코지,제주특별자치도 서귀포시 하효동,서귀포시,33.2438505,126.6186661,15270
조천만세동산,제주특별자치도 제주시 조천읍 조천리 1133-2,제주시,33.53997,126.64167,15264
명월팽나무군락,제주특별자치도 제주시 한림읍 명월로 71,제주시,33.38698,126.26671,15240
제주안전체험관,제주특별자치도 제주시 애월읍 평화로 1885,제주시,33.3978324,126.3668593,15219
수목원테마공원(야시장길&LED공원),제주특별자치도 제주시 은수길 69,제주시,33.4701135,126.4875915,15130
캐니언파크,제주특별자치도 제주시 삼무로 51,제주시,33.490268,126.4924748,15061
송악카트체험장,제주특별자치도 서귀포시 대정읍 송악관광로 404,서귀포시,33.20824,126.28927,14980
당오름(한경면),제주특별자치도 제주시 한경면 용수리 산 18,제주시,33.308254,126.17365,14936
갤러리2 중선농원,제주특별자치도 제주시 영평길 269,제주시,33.478135,126.57017,14930
제주레이크힐스컨트리클럽,제주특별자치도 서귀포시 산록남로 1391 (중문동),서귀포시,33.306812,126.43271,14756
답다니 탑망대 (하트원담),제주특별자치도 제주시 우도면 연평리 798,제주시,33.524593,126.952644,14741
관음사 야영장,제주특별자치도 제주시 산록북로 588,제주시,33.4216211,126.5502658,14724
수월봉 전기자전거,제주특별자치도 제주시 한경면 고산리 3674-9,제주시,33.2988231,126.1681169,14697
오름터 민속마을,제주특별자치도 서귀포시 표선면 성읍정의현로 99,서귀포시,33.391445,126.80072,14693
제주오렌지,제주특별자치도 서귀포시 남원읍 서성로 684-5,서귀포시,33.32588,126.66985,14678
어영공원,제주특별자치도 제주시 서해안로 452 (맞은편 공원),제주시,33.51774,126.4878545,14668
나바론절벽,제주특별자치도 제주시 추자면 영흥리 산 19,제주시,33.956413,126.29398,14651
수악 (물오름),제주특별자치도 서귀포시 남원읍 516로 1042,서귀포시,33.3616666,126.5291666,14624
절부암,제주특별자치도 제주시 한경면 용수3길 22,제주시,33.3236376,126.1671318,14621
제주워터월드,제주특별자치도 서귀포시 월드컵로 33,서귀포시,33.2472388,126.5092079,14562
방선문,제주특별자치도 제주시 종천길 39-1,제주시,33.45228391,126.5178168,14556
법화사,제주특별자치도 서귀포시 하원북로 35번길 15-28,서귀포시,33.265095,126.45783,14556
붉은오름(성산읍),제주특별자치도 서귀포시 성산읍 섭지코지로 261,서귀포시,33.42664477,126.9323537,14529
발자국화석공원,제주특별자치도 서귀포시 대정읍 형제해안로 192,서귀포시,33.21723,126.29294,14518
성산오조리해안,제주특별자치도 거쉬포시 성산읍 한도로,거쉬포시,33.45794,126.8903,14427
화순리 유채꽃길,제주특별자치도 서귀포시 안덕면 화순리 1230-4,서귀포시,33.25176,126.33404,14362
훈데르트바서파크,제주특별자치도 제주시 우도면 우도해안길 32-12,제주시,33.4931983,126.9562063,14359
중앙병원,제주특별자치도 제주시 월랑로 91,제주시,33.4920436,126.4713907,14342
하도리 철새도래지,제주특별자치도 제주시 구좌읍 하도리 53-2,제주시,33.51021,126.896255,14270
원앙카라반캠핑장앤야영장,제주특별자치도 서귀포시 돈내코로 120,서귀포시,33.306381,126.5843885,14247
월평포구,제주특별자치도 서귀포시 말질로 462,서귀포시,33.2346522,126.4647889,14200
불탑사 (5층석탑),제주특별자치도 제주시 원당로16길 41,제주시,33.5291414,126.5979893,14185
제주스쿠터여행,제주특별자치도 제주시 서광로 164,제주시,33.49984,126.51392,14174
감수굴 밭담길,제주특별자치도 제주시 구좌읍 평대7길 34,제주시,33.5243749,126.8423829,14050
존자암지,제주특별자치도 서귀포시 영실로 243,서귀포시,33.3402,126.47921,14016
서광승마장,제주특별자치도 서귀포시 안덕면 녹차분재로 239,서귀포시,33.30231,126.2879,13966
우도박물관,제주특별자치도 제주시 우도면 우도로 163,제주시,33.507805,126.9532,13935
중문색달해변(해산물),제주특별자치도 서귀포시 중문관광로72번길 114,서귀포시,33.24497249,126.4116462,13926
우도 봉수대,제주특별자치도 제주시 우도면 연평리 798,제주시,33.524593,126.952644,13923
애월환해장성,제주특별자치도 제주시 애월읍 애월로3길 60,제주시,33.4683273,126.3130121,13920
아름다운피부과,"제주특별자치도 제주시 도령로 5 명은빌딩 2,3,5,7층",제주시,33.4867644,126.4799813,13912
프랑스샤르망,제주특별자치도 제주시 한림읍 명상로 37,제주시,33.3746,126.28119,13904
아홉굿마을 낙천리 농어촌체험마을,제주특별자치도 한경면 낙수로 97,한경면,33.499622,126.53119,13824
삼각봉,제주특별자치도 제주시 1100로 2070-61,제주시,33.3616666,126.5291666,13800
민오름(구좌읍),제주특별자치도 제주시 구좌읍 비자림로 1456,제주시,33.43717333,126.7618259,13780
관음사 템플스테이,제주특별자치도 제주시 산록북로 660,제주시,33.42172,126.558815,13681
모슬봉 (모슬개오름),제주특별자치도 서귀포시 대정읍 상모리 3540-2,서귀포시,33.2387353,126.2586981,13651
돛오름,제주특별자치도 제주시 구좌읍 송당리 산 3,제주시,33.499622,126.53119,13634
족은노꼬메오름,제주특별자치도 제주시 애월읍 유수암리,제주시,33.409443,126.41184,13578
제주쥬티클럽,제주특별자치도 서귀포시 성산읍 신양로 113,서귀포시,33.4445754,126.9095025,13573
냇길이소,제주특별자치도 서귀포시 강정동 5647-0,서귀포시,33.261562,126.49447,13547
당오름,제주특별자치도 제주시 구좌읍 송당리 산 199-1,제주시,33.467194,126.77773,13516
법화사지,제주특별자치도 서귀포시 하원북로35번길 15-28,서귀포시,33.2653454,126.4576828,13503
모구리오름,제주특별자치도 서귀포시 성산읍 서성일로 260,서귀포시,33.4059591,126.821694,13483
평대해변,제주특별자치도 제주시 구좌읍 평대리 1994-20,제주시,33.533226,126.84065,13478
제주잠수함(리더스클럽),제주특별자치도 제주시 조천읍 신흥리 1-11,제주시,33.55131,126.65275,13441
가파도 마라도 정기여객선,제주특별자치도 서귀포시 대정읍 최남단해안로 120,서귀포시,33.2100551,126.2585746,13378
번개레이싱,제주특별자치도 서귀포시 안덕면 녹차분재로 218 항공우주박물관 3층 번개레이싱,서귀포시,33.3029712,126.2990679,13369
재밋섬파크,제주특별자치도 제주시 중앙로14길 18,제주시,33.5116,126.52267,13331
애월 하물,제주특별자치도 제주시 애월읍 애월로11길 6,제주시,33.464873,126.3206795,13322
망장포,제주특별자치도 서귀포시 남원읍 하례망장포로 65-13,서귀포시,33.3420367,126.5884214,13315
제주대학교병원,제주특별자치도 제주시 아란13길 15,제주시,33.467101,126.545309,13311
제주신화전설탐방로,제주특별자치도 서귀포시 안덕면 녹차분재로 218,서귀포시,33.3029712,126.2990679,13304
법정사,제주특별자치도 서귀포시 1100로 740-168,서귀포시,33.3187394,126.4848583,13285
세인트포골프장,제주특별자치도 제주시 구좌읍 선유로 445-55,제주시,33.5199412,126.7412425,13245
신양해안도로,제주특별자치도 서귀포시 성산읍 신고로,서귀포시,33.431046,126.91553,13234
명월성지,제주특별자치도 제주시 한림읍 명월리 2236,제주시,33.40050941,126.2612558,13216
오백나한,제주특별자치도 서귀포시 영실로 245 (하원동),서귀포시,33.340366,126.480225,13197
천주교 순례길 - 김대건길,제주특별자치도 제주시 한경면 고산로 6-3,제주시,33.301857,126.1801,13177
눈물의십자가,제주특별자치도 제주시 추자도,제주시,33.954967,126.341774,13172
강정어촌계,제주특별자치도 서귀포시 말질로 290,서귀포시,33.2275619,126.4748154,13157
도두해안도로,제주특별자치도 제주시 도두2동 706-3,제주시,33.51039,126.482445,13116
골프탕탕,제주특별자치도 서귀포시 안덕면 산록남로 762번길 71,서귀포시,33.305763,126.38885,13083
해녀의 태왁,제주특별자치도 제주시 구좌읍 김송로 94,제주시,33.5582139,126.7373381,13063
우도해운 / 우도 가는 배,제주특별자치도 제주시 우도면 우도해안길 352,제주시,33.50953,126.94358,13004
손지오름,제주특별자치도 제주시 구좌읍 종달리 산 52,제주시,33.456177,126.81989,12965
신효베스트마을,제주특별자치도 서귀포시 일주동로 8190,서귀포시,33.2607566,126.6125114,12958
검은오름,제주특별자치도 제주시 조천읍 선교로 569-36,제주시,33.46700052,126.701149,12935
매오름,제주특별자치도 서귀포시 표선면 표선리 산 2,서귀포시,33.31865,126.81405,12917
큰바리메오름,제주특별자치도 제주시 애월읍 어음리 산 21,제주시,33.38251187,126.3859874,12851
열리해안길,제주특별자치도 서귀포시 하예동,서귀포시,33.240032,126.38032,12842
기독교순례길 1코스(순종의길),제주특별자치도 제주시 애월읍 금성하안길 3,제주시,33.446327,126.30273,12798
문서프,제주특별자치도 제주시 애월읍 곽지7길 1,제주시,33.45005,126.30845,12758
"대수산봉(큰물뫼,물미오름)",제주특별자치도 서귀포시 성산읍 고성리 2039-1,서귀포시,33.43823384,126.903484,12743
알진오름(안친오름),제주특별자치도 제주시 구좌읍 송당리 880-1,제주시,33.477615,126.78664,12695
한라산 아래 첫 마을,제주특별자치도 서귀포시 안덕면 광평로 41,서귀포시,33.3295908,126.381331,12685
아라리오뮤지엄동문모텔2,제주특별자치도 제주시 산지로 23,제주시,33.51495,126.52943,12665
중문컨트리클럽,제주특별자치도 서귀포시 중문관광로72번길 60,서귀포시,33.2499853,126.4061879,12634
거믄여해안경승지,제주특별자치도 서귀포시 516로,서귀포시,33.244373,126.58488,12620
참살이마을 명도암 농어촌체험마을,제주시 명림로 268-71,명림로,33.461636,126.60709,12611
"미악산 (턥오름, 쌀오름, 솔오름)",제주특별자치도 서귀포시 인정오름로 387-63,서귀포시,33.30508705,126.5171503,12592
제주힐CC,제주특별자치도 제주시 516로 2596-117,제주시,33.4399611,126.6020248,12562
맛있는 철학자(태반의땅제주),제주특별자치도 서귀포시 토평로50번길 31,서귀포시,33.2844099,126.5796743,12546
태웃개,제주특별자치도 서귀포시 남원읍 태위로398번길 57,서귀포시,33.3060336,126.6580882,12514
"천아오름(틍낭오름,天娥岳)",제주특별자치도 제주시 애월읍 산록서로 678-207,제주시,33.39625976,126.4888362,12481
감귤상웨빵 체험,제주특별자치도 서귀포시 남원읍 하례중앙로 95,서귀포시,33.3420367,126.5884214,12479
송당리,제주특별자치도 제주시 구좌읍 중산간동로 2218-3,제주시,33.47106,126.78093,12363
청초밭영농조합법인,제주특별자치도 서귀포시 표선면 성읍이리로57번길 34,서귀포시,33.4212527,126.7816837,12360
좌보미오름,제주특별자치도 서귀포시 표선면 성읍리 산 6,서귀포시,33.434856,126.80349,12347
제주유람선,제주특별자치도 제주시 도공로 2,제주시,33.5061061,126.4650426,12333
추자도등대,제주특별자치도 제주시 추자면 영흥4길 43,제주시,33.95636,126.29741,12314
다려도,제주특별자치도 제주시 조천읍 북촌리,제주시,33.555916,126.69623,12304
핸즈웍스,제주특별자치도 제주시 한림읍 귀덕로 78,제주시,33.4376238,126.2970018,12264
목장카페 드르쿰다,제주특별자치도 서귀포시 표선면 번영로 2454,서귀포시,33.4091347,126.7701478,12261
추사 유배길 - 3코스 사색의 길,제주특별자치도 서귀포시 안덕면 향교로 165-17,서귀포시,33.239353,126.28839,12257
산방산 수국,제주특별자치도 서귀포시 안덕면 산방로,서귀포시,33.238625,126.31461,12251
보목포구,제주특별자치도 서귀포시 보목포로 46,서귀포시,33.239265,126.606895,12250
소남머리,제주특별자치도 서귀포시 칠십리로 145,서귀포시,33.2442936,126.5691064,12248
거친오름,제주특별자치도 제주시 명림로 520 (봉개동),제주시,33.445274,126.61945,12221
절물오름(큰대나),제주특별자치도 제주시 명림로 584 일대,제주시,33.433804,126.62747,12192
포토갤러리 자연사랑미술관,제주특별자치도 서귀포시 표선면 가시리 1920-1,서귀포시,33.3537012,126.7714295,12167
삼의악트레킹코스,제주특별자치도 제주시 아라동 산 24-2,제주시,33.43981,126.56199,12147
남수각 하늘길 벽화거리,제주특별자치도 제주시 중앙로13길 32,제주시,33.5114291,126.5278268,12134
민오름(조천읍),제주특별자치도 제주시 조천읍 선흘리 산 141,제주시,33.4748404,126.4950266,12120
창고천생태공원,제주특별자치도 서귀포시 안덕면 일주서로 1524,서귀포시,33.258415,126.35306,12079
성산~세화 해안도로,제주특별자치도 서귀포시 성산읍 해맞이해안로 2636,서귀포시,33.475853,126.90978,12018
다끄네포구(용담포구),제주특별자치도 제주시 용담3동,제주시,33.51841,126.500786,12016
성불오름,제주 제주시 구좌읍 중산간동로 2532,제주시,33.42295,126.74975,11960
민오름(봉개동),제주특별자치도 제주시 칠오름길 (봉개동),제주시,33.47778962,126.6184466,11940
와흘본향당,제주특별자치도 제주시 조천읍 와흘리 1274-1,제주시,33.50232,126.63907,11935
포니밸리,제주특별자치도 서귀포시 표선면 번영로 2564-21,서귀포시,33.40256,126.77849,11867
사진놀이터,제주특별자치도 제주시 애월읍 평화로 2835,제주시,33.4642648,126.4230338,11858
알오름(성산읍),제주특별자치도 서귀포시 성산읍 시흥상동로,서귀포시,33.476498,126.89701,11839
산천단곰솔,제주특별자치도 제주시 516로 3041-24,제주시,33.4474924,126.5550308,11803
미요캔들,제주특별자치도 제주시 구남로4길 8-1,제주시,33.4888785,126.5342351,11789
"알밤(알바매기, 알밤오름)",제주특별자치도 제주시 조천읍 선흘남4길 229,제주시,33.4777041,126.7135515,11770
옷귀마테마타운,제주특별자치도 서귀포시 남원읍 서성로 955-117,서귀포시,33.3258417,126.6696618,11756
곤흘동(곤을동) 마을터,제주특별자치도 제주시 화북1동 4438,제주시,33.521984,126.55739,11698
세미오름(삼의양오름),제주특별자치도 제주시 아라동 산 24-2,제주시,33.43975,126.56141,11614
공천포,제주특별자치도 서귀포시 남원읍 신례리,서귀포시,33.26769,126.645996,11587
행원육상양식단지,제주특별자치도 제주시 구좌읍 해맞이해안로 680-13,제주시,33.5595727,126.8162673,11530
거인의 정원,제주특별자치도 제주시 대원길 58,제주시,33.4718426,126.5353245,11518
"고내봉(고내오름,고니오름,망오름)",제주특별자치도 제주시 애월읍 고내리 산 3-1,제주시,33.460022,126.34064,11491
중문승마공원,제주특별자치도 서귀포시 이어도로 244,서귀포시,33.24225,126.44533,11490
레더한,제주특별자치도 서귀포시 남원읍 태위로 773-19,서귀포시,33.2922889,126.7393618,11482
바늘오름,제주특별자치도 제주시 조천읍 교래리 산 108,제주시,33.42869209,126.6682969,11477
선흘1리,제주특별자치도 제주시 조천읍 중산간동로 1280,제주시,33.51144,126.70519,11465
제주오름승마랜드,제주특별자치도 제주시 조천읍 번영로 1734-15,제주시,33.4492803,126.7124098,11465
"그대, 나의 뮤즈 : 클림트 to 마티스",제주특별자치도 서귀포시 안덕면 신화역사로304번길 38 제주신화월드 서머셋클럽하우스,서귀포시,33.3017501,126.3206458,11452
남내소,제주특별자치도 서귀포시 남원읍 하례로,서귀포시,33.3420367,126.5884214,11439
이호털보네배낚시,제주특별자치도 제주시 이호1동 1787,제주시,33.497173,126.44942,11429
한라승마장,제주특별자치도 서귀포시 안덕면 평화로 1078,서귀포시,33.323906,126.35258,11411
에버리스 골프리조트,제주특별자치도 제주시 애월읍 평화로 1693-75,제주시,33.37819,126.36217,11396
후포해변,제주특별자치도 제주시 추자면 대서5길 87,제주시,33.96236824,126.2894028,11385
조함해안도로,제주특별자치도 제주시 조천읍 조천리 3037-3,제주시,33.543823,126.63693,11376
조천비석거리,제주특별자치도 제주시 조천읍 조천리,제주시,33.539413,126.63747,11339
웃세오름(누운오름),제주특별자치도 제주시 애월읍 1100로 1579-25,제주시,33.35865267,126.4607188,11331
우도봉 풍경,제주특별자치도 제주시 우도면 연평리 1,제주시,33.5043,126.95405,11295
마라도기원정사,제주특별자치도 서귀포시 대정읍 마라로 87,서귀포시,33.115997,126.26655,11289
예래해안도로,제주특별자치도 서귀포시 예래해안로,서귀포시,33.233536,126.37748,11283
제주고산리유적,제주특별자치도 제주시 한경면 노을해안로 1100,제주시,33.30418,126.166345,11267
곽지패총,제주특별자치도 제주시 애월읍 곽지리 2043-1,제주시,33.44588,126.30714,11224
SOS박물관,제주특별자치도 서귀포시 월드컵로 31,서귀포시,33.24724,126.50921,11219
진빌레 밭담길,제주특별자치도 제주시 구좌읍 월정리 1400-14,제주시,33.5634623,126.7802471,11159
제주돌하르방캠핑장,제주특별자치도 제주시 한경면 낙수로 271-40,제주시,33.323902,126.23916,11146
이호-내도 해안도로,제주특별자치도 제주시 테우해안로 60,제주시,33.4961622,126.4413081,11102
맬튼개 갯담,제주특별자치도 제주시 구좌읍 구좌로 142,제주시,33.520626,126.865746,11069
광령귤나무,제주특별자치도 제주시 애월읍 광령8길 24-2,제주시,33.459007,126.43912,11034
부영컨트리클럽,제주특별자치도 서귀포시 남원읍 남조로 960 부영CC,서귀포시,33.358353,126.71365,11001
아이존액트 볼링장,제주특별자치도 서귀포시 안덕면 신화역사로304번길 98,서귀포시,33.3038299,126.3147293,10981
조선한의원,제주특별자치도 제주시 진군남4길 7-1,제주시,33.483098,126.4772312,10950
성읍승마장,제주특별자치도 서귀포시 표선면 번영로 2650,서귀포시,33.398746,126.78733,10924
각시바우오름,제주특별자치도 서귀포시 호근동 2112,서귀포시,33.2767541,126.5270288,10922
청수성결교회,제주특별자치도 제주시 한경면 대한로 1067,제주시,33.3251954,126.2558439,10886
산호레저,제주특별자치도 제주시 우도면 우도해안길 73,제주시,33.49299,126.9511,10866
백제사 템플스테이,제주특별자치도 제주시 애월읍 광령남6길 54 백제사,제주시,33.448807,126.42422,10857
비양도등대,제주특별자치도 제주시 한림읍 비양도길 84비양도,제주시,33.410194,126.22714,10844
다랑쉬마을,제주특별자치도 제주시 구좌읍 다랑쉬로 406-25,제주시,33.470287,126.8238,10832
추자도 숭어체험장,제주특별자치도 제주시 추자면 석두리길 4,제주시,33.93998,126.32354,10816
세미오름(샘이오름),제주특별자치도 제주시 조천읍 대흘리 산 27-8,제주시,33.473663,126.66965,10793
농개,제주특별자치도 서귀포시 성산읍 환해장성로111번길 4,서귀포시,33.38036669,126.8815194,10774
당오름(안덕면),제주특별자치도 서귀포시 안덕면 동광리 산 68-1,서귀포시,33.332428,126.3365,10712
함덕잠수함(이고제주),제주특별자치도 제주시 조천읍 조함해안로 378,제주시,33.5476842,126.6568003,10703
제주국제공항(정뜨르비행장),제주특별자치도 제주시 공항로 2,제주시,33.50639,126.49525,10679
제주미래교육연구원 과학탐구체험장,제주특별자치도 제주시 산록북로 421,제주시,33.3616666,126.5291666,10660
봉쥬르봉봉,제주특별자치도 제주시 한림읍 한림로 408-2,제주시,33.3783242,126.2513044,10657
서귀포의료원,제주특별자치도 서귀포시 장수로 47,서귀포시,33.2557649,126.5645342,10633
천주교 순례길 - 하논성당길,제주특별자치도 서귀포시 태평로 398,서귀포시,33.244183,126.56304,10630
클럽나인브릿지,제주특별자치도 서귀포시 안덕면 광평로 34-156,서귀포시,33.3420536,126.4046382,10622
추사 유배길 - 1코스 집념의 길,제주특별자치도 서귀포시 대정읍 추사로 44,서귀포시,33.25022,126.27838,10595
남문지못,제주특별자치도 서귀포시 대정읍 인성리 392,서귀포시,33.24656,126.276405,10581
곤물,제주특별자치도 서귀포시 안덕면 화순서서로64번길 64-4,서귀포시,33.2518943,126.3328875,10551
이로이로공방,제주특별자치도 제주시 구좌읍 하도7길 16-11,제주시,33.5157049,126.8864438,10546
손방둥이,제주특별자치도 제주시 진군남2길 10-4 101호 손방둥이,제주시,33.475807,126.4778081,10482
봉글레산,제주특별자치도 제주시 추자면 대서5길 1,제주시,33.96535809,126.2888663,10474
물뫼힐링팜,제주특별자치도 제주시 애월읍 예원로 51,제주시,33.4642262,126.3966261,10421
라온주 실내체험동물원,제주특별자치도 제주시 한림읍 월림7길 155,제주시,33.3555222,126.2420266,10411
거린오름 (북오름),제주특별자치도 서귀포시 안덕면 동광리 산 94,서귀포시,33.302387,126.33193,10402
푸른콩 방주영농조합법인,제주특별자치도 서귀포시 중산간서로 740(중문동),서귀포시,33.2632854,126.4361834,10382
안덕면 사계어촌계,제주특별자치도 서귀포시 안덕면 형제해안로 20,서귀포시,33.22954665,126.3092969,10351
로로 요가,제주특별자치도 제주시 구좌읍 김녕로17길 33-1 (김녕리),제주시,33.5437905,126.6688441,10349
돈대산,제주특별자치도 제주시 추자면 예초리 산 67-1,제주시,33.94892873,126.3207352,10324
아일랜드에프,"제주특별자치도 서귀포시 성산읍 성산등용로 112-7, 2층",서귀포시,33.4721117,126.9331983,10314
영천악(영천오름),제주특별자치도 서귀포시 516로 652,서귀포시,33.28478411,126.6047794,10290
협자연대,제주특별자치도 서귀포시 성산읍 고성리 57-1,서귀포시,33.426456,126.932304,10265
제주어울림감귤체험농장,제주특별자치도 서귀포시 성산읍 서성일로 809,서귀포시,33.4361372,126.8672665,10260
파군봉(바굼지오름),제주특별자치도 제주시 애월읍 하귀1리 688-1,제주시,33.47916746,126.4124438,10234
포도갤러리 in 포도호텔,제주특별자치도 서귀포시 안덕면 산록남로 863 포도호텔 지하1층,서귀포시,33.315998,126.38764,10234
지그리오름 (큰지그리),제주특별자치도 제주시 조천읍 남조로 2023,제주시,33.44545233,126.6440068,10215
제주여가마을,제주특별자치도 제주시 조천읍 조와로 360,제주시,33.504557,126.6357654,10213
수산저수지,제주특별자치도 제주시 애월읍 수산리 1,제주시,33.470985,126.386505,10185
쉼터마을 유수암리 농어촌체험마을,제주특별자치도 제주시 애월읍 유수암평화길 14,제주시,33.4413679,126.4029559,10177
"자배봉(자배오름,망오름)",제주특별자치도 서귀포시 남원읍  위미리 산 132-1,서귀포시,33.3013529,126.6770139,10117
병악현무암지대,제주특별자치도 서귀포시 안덕면 사계리,서귀포시,0,0,10108
우도보물섬레져,제주특별자치도 제주시 우도면 우도해안길 336,제주시,33.508338,126.9441293,10106
용담 1동 벽화거리,제주특별자치도 제주시 서문로5길 1,제주시,33.5117427,126.5170814,10081
비양도의 비양나무자생지,제주특별자치도 제주시 한림읍 협재리 산 89,제주시,33.499622,126.53119,10072
밧돌오름,제주특별자치도 제주시 구좌읍 송당리 산 66-1,제주시,33.46076477,126.7599599,10056
협재포구,제주특별자치도 제주시 한림읍 협재리,제주시,33.39929,126.24321,10035
제주글램핑 (무한자미향),제주특별자치도 제주시 구좌읍 중산간동로 1921,제주시,33.48201,126.753845,10032
개오리오름,제주특별자치도 제주시 봉개동,제주시,33.42232463,126.6173757,10026
동거문이오름,제주특별자치도 제주시 구좌읍 종달리 산 70,제주시,33.449257,126.806145,10023
고내리포구,제주특별자치도 제주시 애월읍 고내리,제주시,33.46709,126.33758,10014
"판포오름 (널개오름, 板浦岳)",제주특별자치도 제주시 한경면 판포리 934,제주시,33.357872,126.2126,9987
둔지봉,제주특별자치도 제주시 구좌읍 한동리 산 40,제주시,33.50136,126.79464,9983
"보롬이(하논, 화구구)",제주특별자치도 서귀포시 하논로 (서홍동),서귀포시,33.250164,126.54474,9978
기독교순례길 2코스(순교의길),제주특별자치도 제주시 한림읍 협재8길 8,제주시,33.39475,126.2431,9976
무민랜드,제주특별자치도 서귀포시 안덕면 병악로 420,서귀포시,33.3067808,126.3817172,9964
온평리 포구,제주특별자치도 서귀포시 성산읍 온평리,서귀포시,33.40161,126.90301,9962
바당미술관,제주특별자치도 서귀포시 대정읍 노을해안로 96,서귀포시,33.243894,126.2187834,9950
낙선동 4.3성,제주특별자치도 제주시 조천읍 선흘서5길 13,제주시,33.480583,126.709526,9894
고내리 다락쉼터,제주특별자치도 제주시 애월읍 애월해안로 284,제주시,33.4694833,126.3407482,9850
애월연대,제주특별자치도 제주시 애월읍 애월리 1975,제주시,33.46564,126.31318,9808
금덕무환자나무및팽나무군락,제주특별자치도 제주시 애월읍 유수암리 1920,제주시,33.441765,126.40065,9778
새별프렌즈 (새별헤이요목장),제주특별자치도 제주시 애월읍 평화로 1529,제주시,33.364338,126.3552026,9748
통오름,제주특별자치도 서귀포시 성산읍 신산리 1754-1,서귀포시,33.395042,126.85444,9679
금룡사 템플스테이,제주특별자치도 제주시 구좌읍 김녕로 148-11,제주시,33.55384,126.75357,9679
씨에스호텔 프라이빗스파,제주특별자치도 서귀포시 중문관광로 198,서귀포시,33.2429044,126.4204352,9661
페인터즈:히어로 제주,제주특별자치도 제주시 한라대학로 38 제주한라대학교 한라아트홀 2층,제주시,33.47634,126.47637,9644
장미빛축제,제주특별자치도 제주시 애월읍 평화로 2346,제주시,33.42217,126.40931,9620
마라도 섬투어,제주특별자치도 서귀포시 대정읍 마라로 65,서귀포시,33.1700179,126.271518,9582
대정현역사자료전시관,제주특별자치도 서귀포시 대정읍 상모대서로 17,서귀포시,33.2251845,126.2563472,9574
가세오름,제주특별자치도 서귀포시 표선면 녹산로 554,서귀포시,33.33146,126.78151,9560
수월이못,제주특별자치도 서귀포시 대정읍 안성리 1747,서귀포시,33.258373,126.27856,9514
당케산물(당케포구),제주특별자치도 서귀포시 표선면 표선당포로,서귀포시,33.322533,126.82287,9513
구엄포구,제주특별자치도 제주시 애월읍 구엄리,제주시,33.479736,126.381935,9478
조이다이브,제주특별자치도 서귀포시 중산간동로 8383,서귀포시,33.26082,126.52128,9465
갑자기 히어로즈 벽화길,제주특별자치도 제주시 애월읍 금성1길 29-3,제주시,33.4468277,126.2995018,9462
단산과 방사탑,제주특별자치도 제주시 조천읍 신흥로1길 25,제주시,33.548756,126.65135,9428
월령포구,제주특별자치도 제주시 한림읍 월평리,제주시,33.37863,126.21653,9426
노을해안1014,제주특별자치도 제주시 한경면 노을해안로 1014,제주시,33.2974201,126.1686497,9382
내창트레킹,제주특별자치도 서귀포시 남원읍 하례중앙로 95,서귀포시,33.3420367,126.5884214,9378
해비치컨트리클럽제주,제주특별자치도 서귀포시 남원읍 원님로399번길 319,서귀포시,33.3589911,126.7244129,9320
웃세오름(족은오름),제주특별자치도 제주시 애월읍 평화로,제주시,33.409966,126.398865,9306
휘닉스 르쏠레이테라피,제주특별자치도 서귀포시 성산읍 섭지코지로 107 휘닉스제주아일랜드리조트 블루동 1층,서귀포시,33.4306514,126.9269847,9305
입산봉(삿갓오름),제주특별자치도 제주시 구좌읍 김녕리 1033-19,제주시,33.54863,126.756676,9303
알오름(표선면),제주특별자치도 서귀포시 표선면 토산리 산 11,서귀포시,33.32773,126.77738,9301
누운오름(한림읍),제주특별자치도 제주시 한림읍 금악리 188-2,제주시,33.36381,126.32422,9278
제주컨트리클럽,제주특별자치도 제주시 영평동 2263-5,제주시,33.43041,126.58238,9245
독자봉,제주특별자치도 서귀포시 성산읍 신산리 1785,서귀포시,33.3877114,126.8541774,9243
팜파스그라스,서귀포시 표선면 성읍리 310번지,표선면,,,9222
평대리불턱,제주특별자치도 제주시 구좌읍 해맞이해안로 1240-3,제주시,33.532413,126.84636,9220
굿다이버,제주특별자치도 서귀포시 중산간서로 41 (강정동),서귀포시,33.2615636,126.49447,9216
형제해안로전망대,제주특별자치도 서귀포시 안덕면 형제해안로 26,서귀포시,33.227848,126.30391,9209
바릇스파,제주특별자치도 제주시 한림읍 한림로 392 3층,제주시,33.3970766,126.244507,9208
부대악오름,제주특별자치도 제주시 조천읍 선흘리 산 103,제주시,33.46732272,126.7014494,9206
삼사석,제주특별자치도 제주시 화북1동 1380-1,제주시,33.521027,126.5741,9183
큰넓궤,제주특별자치도 서귀포시 안덕면 동광리 90 일대,서귀포시,33.31075,126.357635,9175
묵리마을,제주특별자치도 제주시 추자면 묵리,제주시,33.94865,126.31429,9139
영모원,제주특별자치도 제주시 애월읍 하귀리 1130-1,제주시,33.47222,126.41828,9106
섬생이,제주특별자치도 제주시 추자면 신양리 산 87,제주시,33.939816,126.31154,9077
백년초농장박물관,제주특별자치도 서귀포시 태평로 200,서귀포시,33.244675,126.54399,9067
북촌국민학교,제주특별자치도 제주시 조천읍 일주동로 1481,제주시,33.547977,126.69154,9038
오래물,제주특별자치도 제주시 서해안로 170,제주시,33.5043899,126.4671347,9038
마흐니 숲길,제주특별자치도 서귀포시 남원읍 남조로 973,서귀포시,33.3591208,126.6921366,9012
정의현 일관헌,제주특별자치도 서귀포시 표선면 성읍리 690,서귀포시,33.38825,126.800995,8984
김영수도서관,제주특별자치도 제주시 중앙로8길 18,제주시,33.5149598,126.5217042,8974
가문이오름(감은이오름),제주특별자치도 서귀포시 표선면 남조로 1487-73,서귀포시,33.3708091,126.6935196,8973
가메오름,제주특별자치도 제주시 애월읍 봉성리 산 125,제주시,33.36623487,126.3571601,8969
추자등대,제주특별자치도 제주시 추자면 영흥리 77-3,제주시,33.9568,126.297806,8957
제주국제예술센터,제주특별자치도 서귀포시 대정읍 서삼중로 117,서귀포시,33.27183,126.19944,8943
구좌해안로,제주특별자치도 제주시 구좌읍 구좌해안로,제주시,33.55702,126.727806,8937
느지리오름(망오름),제주특별자치도 제주시 한림읍 상명리 산 5,제주시,33.3653429,126.2613767,8920
스위트몽키,제주특별자치도 제주시 한경면 산양6길 6-9,제주시,33.2948957,126.2358783,8908
하예포구(예래포구),제주특별자치도 서귀포시 하예동,서귀포시,33.23357,126.374916,8883
제주우리병원,제주특별자치도 제주시 중앙로 373,제주시,33.4891486,126.5393964,8866
제주불교성지 순례길 절로가는길 - 선정의 길,제주특별자치도 서귀포시 516로771번길 59,서귀포시,33.319935,126.59309,8862
귀덕연대,제주특별자치도 제주시 한림읍 귀덕14길 14-5,제주시,33.4421307,126.2934016,8839
모지오름,제주특별자치도 서귀포시 표선면 성읍리 산 22,서귀포시,33.393745,126.76842,8831
고사리숲,제주특별자치도 제주시 애월읍 평화로 2715 제주관광대학교 내 창업보육센터 본관 315호,제주시,33.4487267,126.4339396,8826
북촌포구,제주특별자치도 제주시 조천읍 북촌9길 26-1,제주시,33.550053,126.69415,8812
동계 정온 유허비,제주특별자치도 서귀포시 대정읍 안성리,서귀포시,33.250454,126.27403,8802
옥돔마을,제주특별자치도 서귀포시 남원읍 남태해안로 508,서귀포시,33.2883796,126.7510101,8780
천주교 순례길 - 김기량길,제주특별자치도 제주시 조천읍 조천2길 19,제주시,33.532906,126.63163,8768
제주인디,제주특별자치도 서귀포시 성산읍 중산간동로 4150-30,서귀포시,33.3833933,126.84245,8756
온평리 환해장성,제주특별자치도 서귀포시 성산읍 환해장성로 732,서귀포시,33.418377,126.91146,8752
고산일과해안도로,제주특별자치도 서귀포시 대정읍 영락하동로 9-6,서귀포시,33.279945,126.16963,8733
서귀포농업기술센터 제주농업생태원,제주특별자치도 서귀포시 남원읍 중산간동로 7413,서귀포시,33.288095,126.60703,8728
비치미오름,제주특별자치도 제주시 구좌읍 송당리 산 255-1,제주시,33.428295,126.764145,8718
화북비석거리,제주특별자치도 제주시  화북1동 4008,제주시,33.52150084,126.5600456,8712
금능포구,제주특별자치도 제주시 한림읍 금능리,제주시,33.359856,126.24607,8698
자리왓,제주특별자치도 제주시 애월읍 봉성리 1410 일대,제주시,33.40464,126.32806,8671
강병대교회,제주특별자치도 서귀포시 대정읍 상모대서로 43-3,서귀포시,33.22652,126.25722,8662
WE병원,제주특별자치도 서귀포시 1100로 453-95,서귀포시,33.2862186,126.4442655,8653
남원 위미2리 어촌계,제주특별자치도 서귀포시 남원읍 태위로 208,서귀포시,33.274857,126.6695033,8640
산지천갤러리,제주특별자치도 제주시 중앙로3길 36,제주시,33.5151351,126.5284001,8639
"웃밤(웃바매기,웃밤오름)",제주특별자치도 제주시 조천읍 선흘리 산 84,제주시,33.47828,126.71444,8613
빌리바이크,제주특별자치도 제주시 우도면 우도해안길 65,제주시,33.492534,126.9518893,8598
천제연폭포 & 제주4.3중문면희생자위령비,제주특별자치도 서귀포시 천제연로 132,서귀포시,33.252678,126.41844,8592
테우마을 수원리 농어촌체험마을,제주특별자치도 제주시 한림읍 한림해안로 274,제주시,33.42559,126.264656,8582
소수산봉(족은물뫼),제주특별자치도 서귀포시 성산읍 고성리 887,서귀포시,33.43848759,126.9018207,8577
천지연기정길,제주특별자치도 서귀포시 서귀동 961-33,서귀포시,33.24862824,126.5554081,8575
금룡사,제주특별자치도 제주시 구좌읍 김녕로 148-11,제주시,33.5398407,126.746583,8553
영등할망 신화공원,제주 제주시 한림읍 귀덕11길 19,제주시,,,8550
"대왕산 (왕뫼, 왕메, 왕미)",제주특별자치도 서귀포시 성산읍 수산리 1429,서귀포시,33.457447,126.87257,8536
대포포구,제주특별자치도 서귀포시 대포로,서귀포시,33.243515,126.43522,8534
문화예술마을 저지리 농어촌체험마을,제주특별자치도 제주시 한경면 중산간서로 3675,제주시,33.33264,126.25599,8511
유건에오름,제주특별자치도 서귀포시 성산읍 난산리 2302,서귀포시,33.413593,126.84679,8499
한국건강관리협회 제주특별자치도부,제주특별자치도 제주시 연북로 111,제주시,33.4821217,126.4933841,8484
신도포구,제주특별자치도 서귀포시 대정읍 신도리,서귀포시,33.27674613,126.1697204,8458
배령연대,제주특별자치도 제주시 한림읍 금능리 1649,제주시,33.387947,126.22378,8444
지그리오름,제주특별자치도 제주시 조천읍 교래리 산 137-1,제주시,33.42250344,126.6295714,8432
오름열기구투어,제주특별자치도 제주시 구좌읍 송당6길 15-1,제주시,33.46908,126.78622,8430
종달고망난돌쉼터,제주 제주시 구좌읍 종달리 112-4,제주시,,,8414
트랜스포머 오토봇 얼라이언스,제주특별자치도 서귀포시 안덕면 신화역사로304번길 89,서귀포시,33.3017501,126.3206458,8375
동알오름,제주특별자치도 서귀포시 대정읍 상모리 153,서귀포시,33.207508,126.28816,8360
남두연대,제주특별자치도 제주시 애월읍 신엄리 2780-1,제주시,33.479195,126.35852,8352
엄바위장승,제주특별자치도 제주시 추자면 예초리 332,제주시,33.952473,126.32899,8350
제주잠수함(국제리더스클럽),제주특별자치도 제주시 조천읍 조함해안로 321-21,제주시,33.5445942,126.6518287,8349
상추자항,제주특별자치도 제주시 추자면 추자로 39,제주시,33.962449,126.2955716,8348
하논마르,제주특별자치도 서귀포시 서홍동 1003,서귀포시,33.252937,126.54583,8322
북오름,제주특별자치도 서귀포시 안덕면 동광리 산 94,서귀포시,33.306194,126.332054,8309
제주책방.사랑방 (고씨주택),제주특별자치도 제주시 관덕로17길 27-1,제주시,33.5149744,126.5283867,8304
서귀포 펍크롤(중단),제주특별자치도 서귀포시 중앙로 35 1층 (제주약수터 앞),서귀포시,33.2477094,126.5617231,8290
돔박이오름 (동박악),제주특별자치도 서귀포시 안덕면 광평리 산 89,서귀포시,33.3394248,126.364176,8258
캘리그라피 오월,제주특별자치도 제주시 오남로 90,제주시,33.487987,126.517789,8180
동검은이오름(거미오름),제주특별자치도 제주시 구좌읍 종달리 산 70,제주시,33.44907,126.80516,8167
토종닭유통특구교래삼다수마을,제주특별자치도 제주시 조천읍 교래리,제주시,33.427616,126.66658,8126
모라이,제주특별자치도 서귀포시 산록남로 (색달동),서귀포시,33.30114,126.4141,8109
기독교순례길 4코스(화해의길),제주특별자치도 서귀포시 대정읍 추사로36번길 11,서귀포시,33.251038,126.27966,8104
족은바리메,제주특별자치도 제주시 애월읍 상가리 산 124,제주시,33.44355792,126.3533489,8076
월나봉(도래오름),제주특별자치도 서귀포시 안덕면 감산리 1148 일대,서귀포시,33.245667,126.3499,8072
신대산전망대,제주특별자치도 제주시 추자면 예초리,제주시,33.954597,126.34063,8063
홍가시나무길(탐라대),제주특별자치도 서귀포시 1100로 506,서귀포시,33.276367,126.44766,8058
중엄리새물,제주특별자치도 제주시 애월읍 애월해안로 10-2,제주시,33.4654193,126.3169526,8049
신효 생활개선회,제주특별자치도 서귀포시 효돈순환로 44,서귀포시,33.2668492,126.6156145,8020
김녕항,제주특별자치도 제주시 구좌읍 김녕항1길 50-13,제주시,33.558033,126.74019,7983
기독교순례길 3코스(사명의길),제주특별자치도 제주시 한경면 조수3길 7,제주시,33.336758,126.23075,7976
발이오름,제주특별자치도 제주시 애월읍 어음리 산 1,제주시,33.39587196,126.3462877,7964
묘산봉 (괴살메),제주특별자치도 제주시 구좌읍 김녕리 2723,제주시,33.542805,126.744316,7950
문화공간 양,제주특별자치도 제주시 거로남6길 13,제주시,33.5092497,126.5618739,7936
가파초등학교 마라분교장,제주특별자치도 서귀포시 대정읍 마라로 58,서귀포시,33.119247,126.26694,7921
송계순집터,제주특별자치도 서귀포시 대정읍 안성리 1681-1,서귀포시,33.25089,126.27759,7908
토산봉(망오름),제주특별자치도 서귀포시 표선면 토산리 산 13,서귀포시,33.322395,126.77359,7848
문화빳데리 충전소,제주특별자치도 서귀포시 중정로 76,서귀포시,33.24793,126.5645823,7848
무등이왓터,제주특별자치도 서귀포시 안덕면 신화역사로586번길 21-7,서귀포시,33.3094417,126.3521864,7819
천주교길 정난주길(고통의길),제주특별자치도 서귀포시 대정읍 추사로247번길 102,서귀포시,33.253555,126.26086,7802
라신동,제주특별자치도 제주시 한림읍 귀덕리,제주시,33.431778,126.290634,7802
"안세미 (명도오름,明道岳)",제주특별자치도 제주시 봉개동 산2,제주시,33.4670191,126.6064134,7771
현사포구,제주특별자치도 제주시 이호1동,제주시,33.50021,126.45968,7763
소병악 (족은오름),제주특별자치도 서귀포시 안덕면 상창리 산 2-1,서귀포시,33.309055,126.37453,7762
주정공장수용소 4.3역사관,제주특별자치도 제주시 임항로 111 (건입동)일대,제주시,33.51911,126.5345,7758
마오름(한경),제주특별자치도 제주시 한경면 저지리 산 56,제주시,33.33803,126.24381,7748
돈대산산림휴양산책로,제주특별자치도 제주시 추자면 예초리 산 67-1,제주시,33.949707,126.32238,7720
묵리해안쉼터,제주특별자치도 제주시 추자면 추자로 376-6,제주시,33.9449269,126.312162,7682
제주불교성지 순례길 절로 가는길 - 보시의 길,제주특별자치도 제주시 애월읍 수산곰솔길 56,제주시,33.473495,126.386086,7681
신풍리 밭담길,제주특별자치도 서귀포시 성산읍 신풍하동로 39,서귀포시,33.3618401,126.8405958,7676
썬플라워의원,제주특별자치도 제주시 한림읍 금능남로 127,제주시,33.3760556,126.2441268,7674
아침한의원,제주특별자치도 제주시 한림읍 한림중앙로 31,제주시,33.4120056,126.2653772,7672
도리미오름,제주특별자치도 제주시 구좌읍 송당리 산 255-1,제주시,33.431633,126.77203,7663
까끄래기오름,제주시 조천읍 교래리 128,조천읍,33.4276176,126.6665803,7658
중문골프장,제주특별자치도 서귀포시 중문관광로72번길 60 (색달동),서귀포시,33.252026,126.40774,7633
신천리(용궁올레),제주특별자치도 서귀포시 표선면 신천리,서귀포시,33.350605,126.85242,7628
비양봉,제주특별자치도 제주시 한림읍 협재리 산 100-1,제주시,33.40889812,126.2261906,7605
제원한의원,제주특별자치도 제주시 신대로14길 36 2층,제주시,33.4879178,126.4928566,7593
월라봉(효돈),제주특별자치도 서귀포시 월라봉로 76-40,서귀포시,33.2705143,126.6046518,7590
옹포포구,제주특별자치도 제주시 한림읍 옹포리,제주시,33.40058,126.255325,7584
도토리숲 제주점,제주특별자치도 제주시 구좌읍 대천서길 16,제주시,33.4361829,126.7331199,7540
추억애거리,제주특별자치도 제주시 도공로 3-3,제주시,33.505996,126.4657678,7535
삼양 셋다리물,제주특별자치도 제주시 삼양1동 1938-9,제주시,33.5294857,126.5894095,7502
황우럭만화천국사회적협동조합,제주특별자치도 제주시 한림읍 내동남길 7-3,제주시,33.41427,126.26667,7488
서부두명품횟집거리,제주특별자치도 제주시 서부두길 16,제주시,33.5176631,126.5284004,7488
민속해안로,제주특별자치도 서귀포시 표선면 일주동로 6228,서귀포시,33.316566,126.84169,7483
볼레낭길,제주특별자치도 서귀포시 안덕면 감산리 1049,서귀포시,33.235916,126.34946,7457
금붕사,제주특별자치도 제주시 구좌읍 일주동로 3618-1,제주시,33.5011847,126.8887876,7450
터진목 & 성산면 4·3희생자 위령비,제주특별자치도 서귀포시 성산읍 일출로 88-19,서귀포시,33.450108,126.922455,7447
예초리포구,제주특별자치도 제주시 추자면 추자로 753,제주시,33.9557594,126.3324318,7429
서귀본향당,제주특별자치도 서귀포시 이중섭로 23-11,서귀포시,33.2461676,126.5648386,7403
솔동산8경,제주특별자치도 서귀포시 서귀동 솔동산로,서귀포시,33.242863,126.563644,7370
삼양해안도로,제주특별자치도 제주시 삼양2동,제주시,33.52099,126.58382,7313
묵리처녀당,제주특별자치도 제주시 추자면 묵리 229-1,제주시,33.94317,126.31426,7284
목시물굴,제주특별자치도 제주시 조천읍 선흘리 산26번지 일대,제주시,33.51025,126.722336,7280
족은사슴이오름,제주특별자치도 서귀포시 표선면 녹산로 536,서귀포시,33.3988071,126.7063341,7271
공천포구,제주특별자치도 서귀포시 남원읍 신례리,서귀포시,33.26312,126.64165,7259
북촌리 4.3길,제주특별자치도 제주시 조천읍 북촌3길 3,제주시,33.5459875,126.6887641,7243
팀케이,제주특별자치도 제주시 고사마루길 67-4,제주시,33.4752847,126.4730255,7235
사계항,제주특별자치도 서귀포시 안덕면 사계리,서귀포시,33.237034,126.30206,7212
예초리기정길,제주특별자치도 제주시 추자면 예초리 산 1,제주시,33.955803,126.33822,7188
심헌갤러리,제주특별자치도 제주시 아란14길 3,제주시,33.4261379,126.5626925,7185
남원항 (남원포구),제주특별자치도 서귀포시 남원읍 남태해안로 140,서귀포시,33.2778272,126.7198433,7173
두멩이골목,제주특별자치도 제주시 일도2동,제주시,33.511513,126.53836,7146
예술공간 이아,제주특별자치도 제주시 중앙로14길 21,제주시,33.510861,126.5219859,7144
월라사,제주특별자치도 서귀포시 효돈순환로 415,서귀포시,33.2687804,126.6101134,7136
더힐하우스스파,제주특별자치도 제주시 한림읍 한창로 925-122,제주시,33.355577,126.3056877,7127
한동환해장성,제주특별자치도 제주시 구좌읍 해맞이해안로 858-1,제주시,33.551777,126.82788,7094
샘이오름,제주특별자치도 제주시 조천읍 516로,제주시,33.473995,126.66965,7080
이덕구 산전,제주특별자치도 제주시 조천읍 516로 1865,제주시,33.384853,126.619545,7076
묵리해안포구,제주특별자치도 제주시 추자면 추자로 365-1,제주시,33.94523443,126.312496,7064
애월스쿠버다이빙스쿨,제주특별자치도 제주시 애월읍 애월로13길 45,제주시,33.4661668,126.3216797,7038
무릉도원마을,제주특별자치도 서귀포시 대정읍 중산간서로 2868,서귀포시,33.2748,126.23539,7028
선족이오름(알선족이),제주특별자치도 제주시 구좌읍 송당리 산 140-2,제주시,33.44329,126.75144,7022
제주다,제주특별자치도 제주시 애월읍 납읍남로 65,제주시,33.4310983,126.3293946,7020
추사 유배길 - 2코스 인연의 길,제주특별자치도 제주시 한경면 낙수로 228-9,제주시,33.319798,126.23731,7013
용수항,제주특별자치도 제주시 한경면 용수리,제주시,33.323494,126.16516,7008
바람모루,제주특별자치도 서귀포시 서호동,서귀포시,33.252605,126.51699,6995
우도 득성이코지,제주특별자치도 제주시 우도면 연평리,제주시,33.50332,126.95568,6984
롯데호텔 브이스파,"제주특별자치도 서귀포시 중문관광로72번길 35, lobby floor 8F",서귀포시,33.2484577,126.4105487,6965
신창리포구,제주특별자치도 제주시 한경면 신창리,제주시,33.349598,126.18087,6960
유리멘탈 스튜디오,제주특별자치도 제주시 한경면 낙수로12길,제주시,33.3412645,126.2286517,6926
쁘램 요가,제주특별자치도 제주시 연북로 88,제주시,33.4814949,126.490701,6920
동복환해장성,제주특별자치도 제주시 구좌읍 동복리,제주시,33.53544,126.71806,6914
제주도공방노꼬메,제주특별자치도 제주시 동문로21길 19-2,제주시,33.5157071,126.5368837,6910
신산환해장성,제주특별자치도 서귀포시 성산읍 신산리,서귀포시,33.38476,126.86652,6902
금성포구,제주특별자치도 제주시 애월읍 금성리 573-1,제주시,33.44681,126.29828,6890
정의향교,제주특별자치도 서귀포시 표선면 성읍서문로 14,서귀포시,33.4112985,126.7819256,6884
굴동포구,제주특별자치도 제주시 구좌읍 해맞이해안로,제주시,33.514984,126.88177,6876
방일리공원,제주특별자치도 제주시 정원로 50,제주시,33.47767512,126.4767377,6871
동일리포구,제주특별자치도 서귀포시 대정읍 동일리,서귀포시,33.225437,126.24133,6827
돝오름(돗오름),제주특별자치도 제주시 구좌읍 송당리 산 3,제주시,33.481293,126.8003,6814
한모살 (표선백사장),제주특별자치도 제주시 표선면 표선리,제주시,33.328445,126.83669,6809
스위트호텔 아로마,제주특별자치도 서귀포시 중문관광로72번길 67,서귀포시,33.2493465,126.4082155,6777
풋감마을 소길리 농어촌체험마을,제주특별자치도 제주시 애월읍 소길1길 15,제주시,33.440056,126.380005,6706
이편한치과,제주특별자치도 제주시 연북로 527 반디빌딩 5층,제주시,33.4558924,126.5620301,6686
탐라신화공원,제주특별자치도 제주시 조천읍 선교로 474,제주시,33.462814,126.70884,6674
세화항,제주특별자치도 제주시 구좌읍 세화리,제주시,33.489597,126.831665,6624
제주불교성지 순례길 절로 가는길 - 인욕의 길,제주특별자치도 제주시 산록북로 660,제주시,33.422096,126.55877,6623
건강장수마을 산양리 농어촌체험마을,제주특별자치도 제주시 한경면 중산간서로 3169,제주시,33.29395,126.23304,6598
송죽사터,제주특별자치도 서귀포시 대정읍 안성리,서귀포시,33.250626,126.27805,6558
올레크루즈,제주특별자치도 서귀포시 안덕면 화순해안로 106번길 16,서귀포시,33.236904,126.33513,6544
제주중앙성당,제주특별자치도 제주시 관덕로8길 14,제주시,33.5116197,126.5231558,6494
김택화미술관,제주특별자치도 제주시 조천읍 신흥로 1,제주시,33.5447774,126.650164,6430
본초족욕,제주특별자치도 제주시 은수길 65,제주시,33.471491,126.4881721,6396
제주민속박물관,제주특별자치도 제주시 일주동로 293-1,제주시,33.522133,126.57664,6383
신대해안,제주특별자치도 제주시 추자면 예초리 77,제주시,33.952915,126.33737,6378
솔담한방병원,제주특별자치도 제주시 1100로 3055,제주시,33.4592031,126.4850328,6370
성산초등학교 서청특별중대 주둔지,제주특별자치도 서귀포시 성산면 성산리 171-9,서귀포시,33.462696,126.931915,6364
한남의숙터,제주특별자치도 서귀포시 대정읍 추사로,서귀포시,33.251087,126.27711,6350
북촌환해장성,제주특별자치도 제주시 조천읍 북촌리,제주시,33.536594,126.69666,6347
제주불교성지 순례길 절로 가는길 - 지계의 길,제주특별자치도 제주시 서연길 10,제주시,33.497364,126.50008,6334
궁대오름(궁대악),제주특별자치도 서귀포시 성산읍 금백조로 446,서귀포시,33.4405616,126.8220889,6296
감귤박물관 월라봉 산책로 - 생이소리길,제주특별자치도 서귀포시 효돈순환로 441,서귀포시,33.2722449,126.6087952,6285
제주불교성지 순례길 절로 가는길 - 정진의 길,제주특별자치도 서귀포시 영실로 246 (하원동),서귀포시,33.3402,126.47921,6260
신엄포구,제주특별자치도 제주시 애월읍 애월해안로,제주시,33.4729053,126.3502475,6256
평수포구,제주특별자치도 제주시 한림읍 한림해안로 297-1,제주시,33.427593,126.263756,6226
제주종합경기장,제주특별자치도 제주시 서광로2길 24,제주시,33.4975278,126.5146745,6129
낙천아홉굿마을 의자공원,제주특별자치도 제주시 한경면 낙수로 97,제주시,33.3280452,126.2270023,6112
옹포천,제주특별자치도 제주시 한림읍 한림로 563,제주시,33.40766,126.25742,6090
연대포구,제주특별자치도 제주시 외도2동,제주시,33.49362,126.43473,6060
이음새 농장,제주특별자치도 서귀포시 남원읍 위미리 4137-1,서귀포시,33.275292,126.6686352,6038
꿈바당 어린이도서관,제주특별자치도 제주시 연오로 140,제주시,33.480735,126.5002152,6007
걸서악오름,제주특별자치도 서귀포시 남원읍 하례로 393-1,서귀포시,33.28219766,126.6198354,5980
서중천탐방로,제주특별자치도 서귀포시 남원읍 서성로 755,서귀포시,33.3305697,126.6740675,5969
제주아트센터,제주특별자치도 제주시 오남로 231,제주시,33.4751552,126.5155061,5956
신양포구,제주특별자치도 서귀포시 성산읍 고성리,서귀포시,33.444576,126.9095,5920
감귤박물관 감귤따기 체험,제주특별자치도 서귀포시 효돈순환로 441,서귀포시,33.2712798,126.6076749,5916
화북환해장성,제주특별자치도 제주시 화북동,제주시,33.520233,126.56553,5904
멍멍플레이스,제주특별자치도 제주시 애월읍 소길남길 244-5,제주시,33.4160695,126.3794271,5846
신산신양해안도로 (해산물),제주특별자치도 서귀포시 성산읍 고성리,서귀포시,,,5827
떠오르길,제주특별자치도 제주시 구좌읍 김녕로1길 51-3,제주시,33.5578652,126.7488633,5824
그랑블루호 선상낚시,제주특별자치도 서귀포시 남원읍 위미중앙로180번길 10,서귀포시,33.274693,126.662605,5818
9연대 본부 옛터,제주특별자치도 서귀포시 대정읍 일주서로 2497,서귀포시,33.229523,126.26302,5817
용둠범목제계단길,제주특별자치도 제주시 추자면 영흥리,제주시,33.956703,126.29697,5814
제주시 충혼묘지 4·3추모비(박진경 추도비),제주특별자치도 제주시 노형동 산 19-2,제주시,33.412613,126.49653,5746
뒤굽은이오름,제주특별자치도 서귀포시 성산읍 수산리 4504,서귀포시,33.43110792,126.8272555,5715
대정면 4.3사건 위령비,제주특별자치도 서귀포시 대정읍 동일하모로 158-3,서귀포시,33.22536,126.24849,5665
제주양떼목장,제주특별자치도 제주시 애월읍 도치돌길 289-13,제주시,33.411151,126.3652835,5664
삼화포구,제주특별자치도 제주시 서흘1길 26,제주시,33.5287466,126.5891889,5640
동귀방파제,제주특별자치도 제주시 애월읍 하귀리,제주시,33.4622313,126.4171977,5584
태흥포구,제주특별자치도 서귀포시 남원읍 태흥리,서귀포시,33.2868,126.75014,5530
돌하르방 캠핑장,제주특별자치도 제주시 한경면 낙수로 271-40,제주시,33.323902,126.23916,5529
한라의향기,제주특별자치도 서귀포시 안덕면 병악로 58,서귀포시,33.2809176,126.3638977,5508
제주키위 비자림농원,제주특별자치도 제주시 구좌읍 비자림로동3길 77-81,제주시,33.500973,126.81266,5501
영남동,제주특별자치도 서귀포시 산록남로 1966-34,서귀포시,33.288883,126.496925,5498
브레이브독스,제주특별자치도 제주시 한림읍 한수풀로 138,제주시,33.4218294,126.2766113,5498
천주교 순례길 - 신축화해길,제주특별자치도 제주시 관덕로8길 14,제주시,33.51162,126.523155,5477
박성내,제주특별자치도 제주시 기자길 5,제주시,33.4849094,126.5439165,5450
용연구름다리,제주특별자치도 제주시 흥운길 73,제주시,33.5152142,126.5139637,5438
밸런싱 요가,제주특별자치도 제주시 중앙로 492,제주시,33.4791921,126.5431924,5438
일출랜드 아트센터,제주특별자치도 서귀포시 성산읍 중산간동로 4150-30,서귀포시,33.3833933,126.84245,5404
정주항,제주특별자치도 제주시 조천읍 함덕리,제주시,33.531406,126.66637,5395
M1971 요트투어,제주특별자치도 서귀포시 대정읍 최남단해안로 128,서귀포시,33.2100551,126.2585746,5394
별도포구,제주특별자치도 제주시 화북1동 4269-12,제주시,33.52501,126.564995,5389
파더스가든,제주특별자치도 서귀포시 안덕면 병악로 44-33,서귀포시,33.2805107,126.3655186,5389
조수리 농어촌체험마을,제주특별자치도 제주시 한경면 조수리,제주시,33.337276,126.22851,5388
임문숙 가족 헛묘,제주특별자치도 서귀포시 안덕면 동광리 807-4,서귀포시,33.30914,126.340614,5377
마라도관광쉼터,제주특별자치도 서귀포시 대정읍 마라로 139,서귀포시,33.114143,126.268616,5349
김한미술관 & 카페3206,제주특별자치도 제주시 한림읍 한상로 115,제주시,33.4090102,126.2872001,5344
"광이오름 (괭이오름, 肝列岳)",제주특별자치도 제주시 연동 산 62,제주시,33.46847099,126.4950638,5322
우도부릉부릉레져,제주특별자치도 제주시 우도면 우도해안길 128,제주시,33.49425,126.9468,5283
무비랜드왁스뮤지엄,제주특별자치도 서귀포시 중문관광로 205,서귀포시,33.2436647,126.4215932,5264
신양항(하추자항),제주특별자치도 제주시 추자면 신양리,제주시,33.935432,126.32276,5257
불카분낭 (불타버린 나무),제주특별자치도 제주시 조천읍 선흘리 1136-2,제주시,33.510834,126.70725,5249
칠머리길,제주특별자치도 제주시 칠머리길 1,제주시,33.5170679,126.5359943,5242
4·3해원방사탑,제주특별자치도 제주시 신산로 82,제주시,33.50547,126.53451,5226
추자연도교,제주특별자치도 제주시 추자면 영흥리 97-3,제주시,33.95409,126.3023,5205
대록산(큰사슴이),제주특별자치도 서귀포시 표선면 녹산로 464-78,서귀포시,33.33027645,126.7828951,5158
원수악,제주특별자치도 서귀포시 안덕면 동광리 산 41,서귀포시,33.32239288,126.3451651,5157
고요산책,제주특별자치도 제주시 중앙로12길 5,제주시,33.5118057,126.5239394,5145
별도연대,제주특별자치도 제주시 화북1동 1537,제주시,33.526237,126.56813,5132
제주용암수 홍보관,제주특별자치도 제주시 구좌읍 일주동로 2706-27 (한동리) 오리온 제주용암수,제주시,33.5409551,126.8137869,5064
백제사,제주특별자치도 제주시 애월읍 광령남6길 54 백제사,제주시,33.448807,126.42422,5059
초원승마장,제주특별자치도 서귀포시 상예로 349,서귀포시,33.275185,126.39715,5006
브랭섬홀아시아 아이스링크,제주특별자치도 서귀포시 대정읍 글로벌에듀로 234(3번게이트),서귀포시,33.291267,126.2885061,4988
예절이오름(여절악),제주특별자치도 서귀포시 남원읍 신흥리 산 18,서귀포시,33.3372665,126.7408476,4982
중문리 신사터,제주특별자치도 서귀포시 천제연로 149,서귀포시,33.499622,126.53119,4941
차귀도 자구내포구,제주특별자치도 제주시 한경면 노을해안로 1161,제주시,33.30922,126.165474,4932
제주토종흑염소목장,제주특별자치도 서귀포시 남원읍 자배오름로 74-274,서귀포시,33.3199487,126.6573829,4909
제주친구,제주특별자치도 서귀포시 동홍로 149,서귀포시,,,4872
농업회사법인(주)태반의땅제주,제주특별자치도 서귀포시 토평로50번길 29,서귀포시,33.28441,126.57967,4870
대수포구,제주특별자치도 제주시 한림읍 수원리 1027-7,제주시,33.426956,126.27057,4864
대림리선돌,제주특별자치도 제주시 한림읍 대림리,제주시,33.424404,126.27907,4824
김서프제주,제주특별자치도 서귀포시 색달로81번길 39,서귀포시,33.2486522,126.4124374,4817
만벵듸 공동장지,제주특별자치도 제주시 한림읍 갯거리오름길 114,제주시,33.372234,126.2959,4803
고씨주택,제주특별자치도 제주시 관덕로17길 27-1,제주시,33.5149744,126.5283867,4793
오레브 핫스프링 앤 스파,제주특별자치도 서귀포시 태평로 152,서귀포시,33.2665145,126.5323308,4789
제로스테이션(제로포인트트레일),제주특별자치도 제주시 산지로 25 2층,제주시,33.5147335,126.5292798,4748
관음사 군 주둔지 옛터,제주특별자치도 제주시 산록북로 660,제주시,33.426136,126.56269,4733
이달봉,제주특별자치도 제주시 애월읍 봉성리 산 71-1,제주시,33.363815,126.347466,4732
송령이골,제주특별자치도 서귀포시 남원읍 한신로143번길 99,서귀포시,33.318977,126.70537,4716
반석탕,제주특별자치도 제주시 남성로 158-6,제주시,33.5088216,126.521984,4680
그제바람 윈드서핑패들보드,제주특별자치도 제주시 선사로8길 13-4,제주시,33.5260277,126.5869144,4678
원동,제주특별자치도 제주시 애월읍 소길리 1364 일대,제주시,33.402027,126.3803,4649
조천중학원 옛터,제주특별자치도 제주시 조천읍 신북로 264,제주시,33.538307,126.640305,4627
피크닉메이트,제주특별자치도 제주시 아란4길 84,제주시,33.4261379,126.5626925,4625
조일구락부 옛터,제주특별자치도 제주시 관덕로2길 11,제주시,33.511913,126.52066,4616
고포잇다이브센터,제주특별자치도 서귀포시 이어도로 685-1,서귀포시,33.2347181,126.4890963,4579
"과오름(큰오름, 샛오름, 말젯오름)",제주특별자치도 제주시 애월읍 곽지리 산 1,제주시,33.44657762,126.3238801,4558
육시우영,제주특별자치도 제주시 애월읍 하가리,제주시,33.45789,126.35208,4534
제주햇살농원,제주특별자치도 제주시 조천읍 북선로 189,제주시,33.4777041,126.7135515,4530
다빈치뮤지엄,제주특별자치도 서귀포시 안덕면 산록남로 788,서귀포시,33.319107,126.38509,4525
도령모루(도령마루),제주특별자치도 제주시 서광로 35,제주시,33.498802,126.5004299,4519
바구스서핑스쿨,제주특별자치도 제주시 테우해안로 143,제주시,33.4975522,126.4495561,4506
마복이오름,제주특별자치도 서귀포시 안덕면 상천리 산 83,서귀포시,33.3193689,126.3923637,4496
공방:하루_반,제주특별자치도 제주시 구좌읍 월정7길 42-6 1층,제주시,33.5553143,126.7966528,4496
우도징기스칸승마체험,제주특별자치도 제주시 우도면 우도해안길 446,제주시,33.5147382,126.9495928,4460
노꼬메족은오름 (小鹿古山),제주특별자치도 제주시 애월읍 유수암리 산 138,제주시,33.394047,126.417694,4400
통일관,제주특별자치도 제주시 삼성로 46,제주시,33.5067485,126.5307225,4372
삼양방파제,제주특별자치도 제주시 벌랑길,제주시,33.5232424,126.5764205,4350
상추자마을길,제주특별자치도 제주시 추자도 추자면,제주시,33.947014,126.3201,4272
옷 귀마테마타운,제주특별자치도 서귀포시 남원읍 서성로 955-117,서귀포시,33.3402973,126.6830523,4251
율랜드 다이브센터,제주특별자치도 서귀포시 칠십리로 490,서귀포시,33.2415286,126.6031469,4209
케이제주해양사업단,제주특별자치도 서귀포시 대정읍 최남단해안로 116,서귀포시,,,4149
스타빌,제주특별자치도 서귀포시 안덕면 광평로 34-154,서귀포시,33.3390637,126.3953082,4136
제스피 맥주협동조합 양조장,제주특별자치도 서귀포시 남원읍 서성로652번길 63-3,서귀포시,33.3258417,126.6696618,4134
제주농업학교 옛터,제주특별자치도 제주시 전농로 100,제주시,33.499622,126.53119,4119
슬리핑라이언,제주특별자치도 서귀포시 안덕면 화순서동로 151,서귀포시,33.2621473,126.3327229,4110
제주베스트힐,제주특별자치도 제주시 조천읍 남조로 2109-38,제주시,33.4276176,126.6665803,4095
삼밭구석 & 동광리4·3희생자위령비,제주특별자치도 서귀포시 안덕면 동광리 1425 일대,서귀포시,33.311443,126.330444,4047
쇠소깍 전통 조각배 체험,제주특별자치도 서귀포시 쇠소깍로 104,서귀포시,33.2540919,126.6222974,4042
우포토 시네마 갤러리 카페,제주특별자치도 서귀포시 대정읍 상모로 216-2,서귀포시,33.2252947,126.2659767,4042
밝은오름,제주특별자치도 제주시 한림읍 금악동길 200-36,제주시,33.35184698,126.3145414,4034
예초리,제주특별자치도 제주시 추자도 예초리,제주시,33.947014,126.3201,4033
새시물,제주특별자치도 제주시 한림읍 상한로,제주시,33.3650169,126.2711484,3984
모구리 야영장,제주 서귀포시 성산읍 서성일로 260,서귀포시,33.40596,126.82169,3978
아르떼 키즈파크 제주,제주특별자치도 제주시 애월읍 월각로 929 (봉성리) 아르떼 키즈파크 제주,제주시,33.3539314,126.3585151,3974
산지항 옛터,제주특별자치도 제주시 연무정길 28 (건입동)일대,제주시,33.516888,126.53469,3958
현의합장묘역,제주특별자치도 서귀포시 남원읍 중산간동로 6242-56,서귀포시,33.350883,126.69801,3946
워터월드,제주특별자치도 서귀포시 월드컵로 21,서귀포시,33.2464668,126.5090074,3928
알제이,제주특별자치도 제주시 애월읍 애원로 515,제주시,33.4102243,126.3758566,3920
가시림,제주특별자치도 서귀포시 표선면 녹산로5번길 171 (가시리),서귀포시,33.3828211,126.7313785,3906
예초리해변,제주특별자치도 제주시 추자면 예초리,제주시,33.95313,126.33361,3898
차귀도달래배낚시체험,제주특별자치도 제주시 한경면 노을해안로 1160,제주시,33.308909,126.1649209,3865
하모돌고래투어,제주특별자치도 서귀포시 대정읍 최남단해안로 120,서귀포시,33.2105452,126.2576053,3839
아랑조을거리,제주특별자치도 서귀포시 천지로 2,서귀포시,33.2489036,126.5596148,3832
제주소주 코스모스밭,제주특별자치도 제주시 조천읍 중산간동로 1028,제주시,33.496897,126.6866519,3826
에밀리파크,제주특별자치도 제주시 조천읍 조천우회로 104,제주시,33.5249884,126.6206047,3806
신양연안바다목장,제주특별자치도 서귀포시 성산읍,서귀포시,33.38106,126.876755,3794
성읍녹차동굴,제주특별자치도 서귀포시 표선면 중산간동로 4772,서귀포시,33.3817211,126.7912667,3784
세미소(세미소오름),제주특별자치도 제주시 한림읍 새미소길 15,제주시,33.35579013,126.305615,3748
돌빛나예술학교,제주특별자치도 제주시 한림읍 협재남4길 26,제주시,33.38422,126.24817,3683
상추자포구,제주특별자치도 제주시 추자면 대서리,제주시,33.96429,126.292984,3680
오페라 옴니아 : 라파엘로展,제주특별자치도 서귀포시 안덕면 녹차분재로 218,서귀포시,33.3029712,126.2990679,3675
가새기오름,제주특별자치도 제주시 오라3동 2848,제주시,33.48929,126.503555,3651
도시해녀,제주특별자치도 제주시 애월읍 하귀미수포길 16-1,제주시,33.4842463,126.4026164,3628
북돌아진오름,제주특별자치도 제주시 애월읍 봉성리 산 41,제주시,33.3659432,126.35644,3589
삼다수목장,제주특별자치도 제주시 조천읍 비자림로 485-15,제주시,33.4180631,126.6534847,3562
오림반,제주특별자치도 서귀포시 남원읍 신례리,서귀포시,33.36067,126.59719,3539
상여오름,제주특별자치도 제주시 연동 산 60-2,제주시,33.465427,126.49169,3533
표선도서관,제주특별자치도 서귀포시 표선면 표선백사로110번길 17-10,서귀포시,33.3237336,126.8385628,3517
돌낭예술원,제주특별자치도 서귀포시 남원읍 서성로 544-35 (위미리) 돌낭예술원,서귀포시,33.3210848,126.6548304,3516
강창학 종합경기장,제주특별자치도 서귀포시 중산간서로 95,서귀포시,33.26065,126.49956,3498
그랜드스윙,제주특별자치도 서귀포시 성산읍 섭지코지로 107,서귀포시,33.4300919,126.9272996,3456
"골머리 (洞山, 笏頭岳, 아흔아홉골)",제주특별자치도 제주시 1100로 2528-171,제주시,33.508095,126.468593,3424
제주항 국제크루즈터미널,제주특별자치도 제주시 임항로 191,제주시,33.526657,126.54367,3393
반지마을 제주 1호점,제주특별자치도 제주시 월성로4길 17 3,제주시,33.5017139,126.5035859,3354
해빛,제주특별자치도 제주시 조천읍 신촌9길 8,제주시,33.5353203,126.6222901,3320
폴리파크카라반,제주특별자치도 제주시 애월읍 어음리 3912,제주시,33.386833,126.37515,3308
돔배오름,제주특별자치도 제주시 조천읍 교래리 산 64,제주시,33.42868722,126.6685592,3282
나틸다,제주특별자치도 제주시 아란5길 31-6,제주시,33.4752059,126.5427649,3238
세화소품관,제주특별자치도 제주시 구좌읍 해맞이해안로 1422-3,제주시,33.5255845,126.8577029,3188
머체오름 (마체오름),제주특별자치도 서귀포시 남원읍 남조로 534,서귀포시,33.36894843,126.6928631,3167
우도현대렌트,제주특별자치도 제주시 우도면 우도해안길 336,제주시,33.508133,126.9439,3154
드르쿰다 제주 성산점,제주특별자치도 서귀포시 성산읍 섭지코지로25번길 64,서귀포시,33.4450874,126.9192843,3148
중문단지 축구장,제주특별자치도 서귀포시 이어도로 120,서귀포시,33.2435151,126.4352216,3098
법정악(법정이),제주특별자치도 서귀포시 영실로 246 영실매표소,서귀포시,33.31383,126.46973,3097
런닝맨,제주특별자치도 서귀포시 중문관광로 42,서귀포시,33.254854,126.4092614,3064
성진이오름(개오름),제주특별자치도 제주시 봉개동 산 78-2,제주시,33.420666,126.611336,2981
탐라해상풍력단지,제주특별자치도 제주시 한경면 금등3길 59,제주시,33.3622345,126.1905711,2962
부소악 (부소오름),제주특별자치도 제주시 조천읍 교래리 산 2,제주시,33.37471269,126.591823,2918
승마마을 청수리 농어촌체험마을,제주특별자치도 제주시 한경면 대한로 1036,제주시,33.3178122,126.2476775,2912
산세미오름 (삼산이오름),제주특별자치도 제주시 애월읍 고성남길 29-11,제주시,33.4108019,126.433164,2908
"병곳오름 (벵곳오름, 안좌오름)",제주특별자치도 서귀포시 표선면 가시리 산 8,서귀포시,33.368008,126.74857,2889
가뫼물예전,제주특별자치도 서귀포시 남원읍 남위남성로 168,서귀포시,33.2899733,126.6935278,2858
"걸서악 (동걸세, 걸세오름, 걸시오름)",제주특별자치도 서귀포시 남원읍 하례로 393,서귀포시,33.281223,126.66428,2842
"방주오름 (방지오름, 방제오름)",제주특별자치도 제주시 한림읍 명월리 679,제주시,33.3772555,126.2851832,2832
제주펫,제주특별자치도 서귀포시 남원읍 한신로531번길 22-3,서귀포시,33.3204815,126.7454994,2824
드르쿰다 제주 상효점,제주특별자치도 서귀포시 516로 619,서귀포시,33.3037607,126.598499,2806
남원종합경기장,제주특별자치도 서귀포시 남원읍 태위로 551-27,서귀포시,33.278313,126.70406,2792
밝은오름 (명월오름),제주특별자치도 제주시 한림읍 명월로,제주시,33.38058,126.27269,2790
대천이오름,제주특별자치도 제주시 조천읍 선흘리 산 154,제주시,33.4777041,126.7135515,2779
하효살롱 협동조합,제주특별자치도 서귀포시 효돈순환로 217-8,서귀포시,33.2565119,126.6219281,2776
한복담_카테고리변경_삭제,제주특별자치도 제주시 신대로12길 51 3층,제주시,33.4885493,126.4911887,2775
중문레져UTV,제주특별자치도 서귀포시 산록남로 1578,서귀포시,33.2910969,126.4559742,2752
서귀포 축구공원,제주특별자치도 서귀포시 효돈순환로 311-29,서귀포시,33.2588393,126.6105252,2744
월라봉,제주특별자치도 서귀포시 안덕면 감산리,서귀포시,33.248497,126.35095,2697
새신오름(신서악),제주특별자치도 제주시 한경면 청수리 2661-4,제주시,33.298912,126.23928,2686
하리보 해피월드,제주특별자치도 제주시 아연로 444-1,제주시,33.4741138,126.5282841,2660
녹고뫼 캠핑장,제주특별자치도 제주시 애월읍 산록서로 521,제주시,33.409824,126.42066,2654
"돈두미오름(돈도름,돈대미)",제주특별자치도 서귀포시 대정읍 영락하동로47번길 29,서귀포시,33.2562288,126.2115638,2652
솔담현경철한의원,제주특별자치도 제주시 1100로 3055,제주시,33.4802375,126.4865364,2650
밝은오름 (벌근오름),제주특별자치도 서귀포시 안덕면 동광로,서귀포시,33.35141,126.33616,2610
"봉아오름(봉개오름,봉아름,붉은오름)",제주특별자치도 제주시 봉개동 1804,제주시,33.49358,126.59166,2608
제주홀릭뮤지엄,제주특별자치도 제주시 애월읍 평화로 2835 (광령리) 제주홀릭뮤지엄,제주시,33.4034138,126.4508866,2596
더데오름(가가악),제주특별자치도 서귀포시 상예동 4489-1 일대,서귀포시,33.277172,126.37349,2592
제주바다하늘패러투어,제주특별자치도 제주시 한림읍 한창로 1295,제주시,33.3568837,126.2968554,2591
이스렁오름,제주특별자치도 제주시 애월읍 광령평화길,제주시,33.362965,126.48424,2554
말찻,제주특별자치도 제주시 조천읍 교래3길,제주시,33.434742,126.67746,2550
갑선이오름,제주특별자치도 서귀포시 표선면 가시리 산 2,서귀포시,33.3616,126.78106,2525
우도팔경레져,제주특별자치도 제주시 우도면 우도해안길 73,제주시,33.49299,126.9511,2522
제주해바라기공방,제주특별자치도 제주시 구좌읍 김녕로17길 23,제주시,33.5573504,126.7534934,2522
니모스토리,제주특별자치도 제주시 구좌읍 김녕로17길 33-1,제주시,33.5582481,126.7540615,2478
제주아리온승마장,제주특별자치도 서귀포시 안덕면 신화역사로403번길 79,서귀포시,33.3109161,126.3341065,2460
제이원카트클럽,제주특별자치도 제주시 연북로 424,제주시,33.4795804,126.5266919,2454
삼형제오름,제주특별자치도 제주시 애월읍 평화로 2901-1,제주시,33.35831755,126.4522552,2452
보롬이 오름,제주특별자치도 서귀포시 대정읍 무릉리 3576,서귀포시,33.27065,126.19232,2440
새끼오름 (샛기오름),제주특별자치도 서귀포시 표선면 번영로,서귀포시,33.37268,126.79713,2417
방일봉 (방일이동산),제주특별자치도 제주시 노형동,제주시,33.47579582,126.4735834,2414
번널오름 (벌판악),제주특별자치도 서귀포시 표선면 가시리 산 10-5,서귀포시,33.374043,126.74533,2403
걸시오름,제주특별자치도 제주시 연동 산 150,제주시,33.41133,126.505455,2387
중문진실캠핑장,제주특별자치도 서귀포시 천제연로 132,서귀포시,33.252678,126.41844,2366
돌미오름,제주특별자치도 서귀포시 성산읍 수산리 4393-2,서귀포시,33.43826,126.82947,2365
설오름(서리오름),제주특별자치도 서귀포시 신효동,서귀포시,33.256275,126.60493,2352
북오름 (鼓岳),제주특별자치도 제주시 구좌읍 덕천리 산 69,제주시,33.48679,126.73916,2348
밧세미 (밭생이),제주특별자치도 제주시 봉개동,제주시,33.48324438,126.5972605,2331
설오름,제주특별자치도 서귀포시 표선면 가시리 산 1,서귀포시,33.3456001,126.7895359,2328
"무악(개오름,킄오름,무오름)",제주특별자치도 서귀포시 안덕면 동광리 산 12,서귀포시,33.307552,126.36872,2306
"걸서악(서걸세,걸세오름)",제주특별자치도 서귀포시 남원읍 하례로381번길 23,서귀포시,33.3420367,126.5884214,2306
대병악,제주특별자치도 서귀포시 안덕면 한창로,서귀포시,33.307426,126.36823,2306
본지오름,제주특별자치도 서귀포시 성산읍 삼달리 2104-1,서귀포시,33.38728,126.8217,2291
하우스오브레퓨즈,제주특별자치도 제주시 애월읍 하소로 735,제주시,33.4192422,126.396054,2284
이지봄안과의원,제주특별자치도 제주시 노형로 390 2층~6층,제주시,33.4843038,126.4771575,2274
샛개오리,제주특별자치도 제주시 516로 (용강동),제주시,33.42579,126.614136,2265
제주애견학교,제주특별자치도 제주시 삼의영길 72,제주시,33.4622606,126.5536737,2262
하도 어촌 체험 마을,제주특별자치도 제주시 구좌읍 해맞이해안로 1897-27,제주시,33.5200605,126.9040869,2232
삼의봉,제주특별자치도 제주시 아라1동 산 24-2,제주시,33.48147,126.541145,2221
여문영아리,제주특별자치도 서귀포시 표선면 가시리 산 145,서귀포시,33.36798932,126.6924295,2219
개떼목장,제주특별자치도 서귀포시 안덕면 평화로 486 (덕수리),서귀포시,33.2791907,126.3177445,2218
멍더랜드,제주특별자치도 제주시 월광로 147,제주시,33.4920804,126.4734937,2194
제주홀스타승마장,제주특별자치도 제주시 산록북로 8,제주시,33.4220209,126.4935837,2186
"생기악 (생기오름, 생길이오름)",제주특별자치도 서귀포시 남원읍 신례동로 268-131,서귀포시,33.30554622,126.6428464,2130
중문승마체험장,제주특별자치도 서귀포시 상예로 349-1,서귀포시,33.275595,126.3963467,2126
산도스카발리오홀스파크,제주특별자치도 서귀포시 안덕면 산록남로 566,서귀포시,33.3336425,126.3701635,2123
"들레오름 (月坪峰, 月來岳, 月下岳)",제주특별자치도 제주시 첨단동길 89-29,제주시,33.4593529,126.5797073,2116
더펫츠,제주특별자치도 제주시 1100로 3124,제주시,33.4650954,126.4847851,2112
브리더스파크,제주특별자치도 제주시 구좌읍 금백조로 902-102,제주시,33.433738,126.7772854,2076
살핀오름,제주특별자치도 제주시 애월읍 광령리 산 183-2,제주시,33.367832,126.46191,2064
OK승마장,제주특별자치도 서귀포시 표선면 번영로 2595,서귀포시,33.4027948,126.7831674,2062
들리오름 (들위오름),제주특별자치도 제주시 오등동 158,제주시,33.42894283,126.5430631,2058
빈네오름,제주특별자치도 제주시 애월읍 봉성리,제주시,33.3508,126.39407,2056
로즈오닐과 앤티크큐피 전시관,제주특별자치도 서귀포시 인정오름로86번길 10,서귀포시,33.287163,126.57821,2039
"뒤굽은이 (뒤꾸부니, 뒤곱은이)",제주특별자치도 제주시 구좌읍 중산간동로,제주시,33.46651327,126.7777828,2021
루씨쏜 아뜰리에,제주특별자치도 서귀포시 보목로64번길 138 (보목동) 보목로 64번길 138 1층,서귀포시,33.2411975,126.5930741,2012
담화헌,제주특별자치도 제주시 주르레길 55,제주시,33.4493168,126.4804463,2009
무지개요트,제주특별자치도 제주시 도두항길 28-8 (도두일동) 도두항길 28-8,제주시,33.5064315,126.466705,1990
제이앤승마클럽,제주특별자치도 제주시 해안마을7길 211,제주시,33.4460514,126.4688305,1982
봉구의간식,제주특별자치도 제주시 애월읍 애월로 110,제주시,33.4645163,126.3191719,1978
월산봉,제주특별자치도 서귀포시 중산간서로 95,서귀포시,33.2615636,126.49447,1972
놀멍쉬멍고르멍(애견카페),제주특별자치도 서귀포시 현청로 51,서귀포시,33.2656788,126.5560001,1960
김녕세기알해변,제주특별자치도 제주시 구좌읍 김녕로21길 25,제주시,33.5581466,126.7549397,1950
사슴공방,제주특별자치도 제주시 구좌읍 구좌로 51 3층,제주시,33.5232671,126.8570277,1928
시민축구장,제주특별자치도 서귀포시 토평남로 47-13,서귀포시,33.2617646,126.5893096,1926
도곤도곤 애견미용실,제주특별자치도 제주시 성신로1길 21,제주시,33.4920452,126.488127,1880
라이더스랩,제주특별자치도 서귀포시 성산읍 중산간동로 4328-77 (삼달리) 라이더스랩,서귀포시,33.3915592,126.830295,1866
이레다원캠핑장,제주특별자치도 제주시 조천읍 대와상길 104-42,제주시,33.498444,126.641495,1851
제주프리다이빙스쿨,제주특별자치도 서귀포시 보목로 88-1,서귀포시,33.2406615,126.6024596,1831
한복입는 선흘집,제주특별자치도 서귀포시 남원읍 위미대화로15번길 9-6 (위미리),서귀포시,33.2733796,126.6562097,1822
마오름(맞보기)(안덕),제주특별자치도 서귀포시 안덕면 산록남로,서귀포시,33.325733,126.40013,1800
쇼타임제주 옹알스 코미디 전용관,제주특별자치도 제주시 조천읍 남조로 2064,제주시,33.499622,126.53119,1790
오멍가멍 애견카페&호텔,제주특별자치도 제주시 어영길 64-14,제주시,33.5175216,126.498289,1782
덕천곤충영농조합,제주특별자치도 제주시 구좌읍 중산간동로 1875,제주시,33.4828732,126.7482507,1772
벨섬,제주특별자치도 서귀포시 표선면 민속해안로 631-34,서귀포시,33.3225098,126.8418176,1769
신흥바다낚시공원(낚고락고),제주특별자치도 제주시 조천읍 조함해안로 247-2,제주시,33.550596,126.6474337,1763
탐라승마장,제주특별자치도 제주시 조천읍 비자림로 1044,제주시,33.4180631,126.6534847,1754
원더아일랜드,제주특별자치도 서귀포시 안덕면 신화역사로304번길 89 (서광리) 제주신화월드 서머셋 클럽하우스,서귀포시,33.3028885,126.3181117,1751
바람불어좋은날 천연염색 공방,제주특별자치도 서귀포시 안덕면 사계로 68,서귀포시,33.2372398,126.2978859,1738
키아나 요가,제주특별자치도 서귀포시 안덕면 사계남로50번길 1,서귀포시,33.2271749,126.2957594,1738
제주스런서귀포점,제주특별자치도 서귀포시 중산간서로356번길 42,서귀포시,33.2626873,126.4750465,1720
하례감귤점빵협동조합,제주특별자치도 서귀포시 남원읍 하례로 272,서귀포시,33.3252261,126.5961931,1716
담그멍족욕카페,제주특별자치도 제주시 관덕로15길 22,제주시,33.5152133,126.5269425,1712
VIP성형외과의원,제주특별자치도 제주시 은남1길 46,제주시,33.489452,126.4909877,1700
일레븐프리다이빙 제주센터,제주특별자치도 서귀포시 색달로 8,서귀포시,33.259137,126.4049584,1690
도그앤캣,제주특별자치도 서귀포시 홍중로 119-2  601동 107호,서귀포시,33.2639577,126.5507293,1688
제주 토이 승마장,제주특별자치도 서귀포시 안덕면 동광로 265-14,서귀포시,33.3185031,126.345191,1676
너도나도 ATV,제주특별자치도 제주시 조천읍 비자림로 1053,제주시,33.4180631,126.6534847,1666
올레바당체험마을,제주특별자치도 제주시 한림읍 한림해안로 267-6,제주시,33.4254747,126.2642096,1656
삼의양오름,제주특별자치도 제주시 아라2동 산 43520,제주시,33.43981,126.56199,1638
댕댕놀이터,제주특별자치도 제주시 도근내길 56,제주시,33.4919382,126.4369959,1638
베케,제주특별자치도 서귀포시 효돈로 48,서귀포시,33.2615141,126.6043917,1630
그루밍제주,제주특별자치도 서귀포시 천제연로 357,서귀포시,33.2524207,126.4428121,1626
(재)한국의학연구소 제주검진센터,제주특별자치도 서귀포시 솔오름로 61,서귀포시,33.2851229,126.5582866,1622
버블호텔 키즈클럽,제주특별자치도 제주시 관덕로 26 (삼도이동) 스타즈로베로호텔 B1 & B2,제주시,33.5128705,126.5219573,1608
헌마공신김만일기념관,제주특별자치도 서귀포시 남원읍 서성로 919,서귀포시,,,1606
제주향토음식보전연구원,제주특별자치도 제주시 수덕5길 23,제주시,33.4859178,126.476044,1588
목장카페 밭디,제주특별자치도 서귀포시 표선면 번영로 2486,서귀포시,33.4077491,126.7728563,1588
아토도예공방,제주특별자치도 서귀포시 남성로 134-1,서귀포시,33.2428508,126.5545379,1578
댕댕샤워,제주특별자치도 제주시 애월읍 하귀9길 54-8,제주시,33.4845827,126.4155098,1533
코난해변,제주특별자치도 제주시 구좌읍 해맞이해안로 648,제주시,33.5586383,126.8123467,1524
제주소리,제주특별자치도 제주시 신대로10길 55,제주시,33.4908202,126.4906809,1524
러블리독스,제주특별자치도 제주시 연북로 668,제주시,33.4924788,126.5487385,1524
편백포레스트,제주특별자치도 서귀포시 남원읍 서성로 544-97,서귀포시,33.3176598,126.6598379,1524
에코승마아카데미,제주특별자치도 제주시 조천읍 비자림로 1065,제주시,33.4180631,126.6534847,1520
생약누리,제주특별자치도 서귀포시 돈내코로 260 (상효동) 생약누리,서귀포시,33.3059049,126.571522,1516
이도씨동물의료센터,제주특별자치도 서귀포시 신서귀로97번길 51,서귀포시,33.2539899,126.5070093,1502
신촌포구,제주특별자치도 제주시 조천읍 신촌북3길 3,제주시,33.5371814,126.6188242,1492
하례점빵,제주특별자치도 서귀포시 남원읍 하례로 272,서귀포시,33.3252261,126.5961931,1491
뷰 제주하늘,제주특별자치도 서귀포시 성산읍 서성일로 397,서귀포시,33.4131403,126.8327167,1476
금당목장ATV,제주특별자치도 서귀포시 안덕면 신화역사로685번길 13-16,서귀포시,33.3141358,126.3581406,1468
비케이브,제주특별자치도 제주시 조천읍 동백로 122,제주시,33.5084448,126.7200224,1460
필코 스튜디오,제주특별자치도 제주시 한경면 저지12길 62-5 (저지리),제주시,33.3383311,126.2631944,1438
로봇플래닛,제주특별자치도 서귀포시 안덕면 신화역사로188번길 151,서귀포시,33.2991595,126.3085849,1430
펌킨 펫하우스 제주신화월드,제주특별자치도 서귀포시 안덕면 신화역사로304번길 38,서귀포시,33.3017501,126.3206458,1428
개미남,제주특별자치도 제주시 구산로 26,제주시,33.482499,126.5380588,1426
해병 3·4기 호국관,제주특별자치도 서귀포시 대정읍 상모대서로66번길 13,서귀포시,33.2272873,126.2610544,1424
쿠키네,제주특별자치도 제주시 애월읍 일주서로 6689,제주시,33.4713897,126.3668522,1420
제주일상식탁,제주특별자치도 서귀포시 남원읍 태위로 402,서귀포시,33.302706,126.6568975,1420
제주해양레저타운,제주특별자치도 제주시 서해안로 58,제주시,33.5021517,126.4564112,1414
뎁스원 프리다이빙센터,제주특별자치도 제주시 한림읍 한림로 375,제주시,33.3962638,126.2432389,1386
뱅듸승마클럽,제주특별자치도 제주시 조천읍 번영로 1118-33,제주시,33.4651501,126.6543529,1376
사월의 꿩,제주특별자치도 제주시 구좌읍 번영로 2178,제주시,33.4281061,126.751044,1370
앙리젤,제주특별자치도 제주시 노형12길 23,제주시,33.483098,126.4772312,1368
삐삐그루밍,제주특별자치도 서귀포시 대정읍 중산간서로 2269,서귀포시,33.2806298,126.2862131,1360
제주가구공방,제주특별자치도 제주시 도련6길 75,제주시,33.5108889,126.5780998,1359
덩굴원,제주특별자치도 제주시 조천읍 선교로 159-19 (선흘리) 1층,제주시,33.4861712,126.7055211,1324
블루버블,제주특별자치도 서귀포시 성산읍 일출로255번길 11,서귀포시,33.4622602,126.9330967,1324
블랙벨트 태권도장,제주특별자치도 제주시 정존5길 9 2층,제주시,33.4834742,126.4740057,1316
태권뮤지컬혼,제주특별자치도 제주시 애월읍 산록서로 18,제주시,33.386835,126.3751531,1305
튼튼동물병원,제주특별자치도 제주시 중앙로 351,제주시,33.4905694,126.538026,1300
한림동물병원,제주특별자치도 제주시 한림읍 한림상로 114,제주시,33.4097579,126.265138,1274
서프서프,제주특별자치도 제주시 구좌읍 해맞이해안로 468,제주시,33.5553336,126.7966229,1262
웁스마이독,제주특별자치도 서귀포시 안덕면 사계로 112,서귀포시,33.240297,126.3003502,1262
성산스쿠버리조트,제주특별자치도 서귀포시 성산읍 일출로 258-5,서귀포시,33.4609616,126.9334663,1260
개인공간,제주특별자치도 제주시 매촌1길 3-1,제주시,33.515922,126.5890592,1252
비밀의 숲,제주특별자치도 제주시 구좌읍 송당리 2173,제주시,33.4537125,126.755313,1232
아일랜드 터프팅,"제주특별자치도 제주시 동고산로 1, 3층",제주시,33.498038,126.5314367,1221
반치옥 사진관,제주특별자치도 제주시 애월읍 장전로 109-17,제주시,33.4521446,126.3892699,1220
도도펫,제주특별자치도 제주시 우령8길 63-16,제주시,33.4854023,126.4339576,1210
나드 보컬 스튜디오,제주특별자치도 제주시 중앙로 234-1,제주시,33.4987647,126.5301679,1202
라인업서프 하도,제주특별자치도 제주시 구좌읍 하도13길 55,제주시,33.5108067,126.8921626,1183
상가리야자숲,제주특별자치도 제주시 애월읍 고하상로 326,제주시,33.4102243,126.3758566,1174
포브독,제주특별자치도 제주시 연북로 74,제주시,33.4815331,126.4892489,1166
법환해녀체험센터,제주특별자치도 서귀포시 최영로 10,서귀포시,33.2341727,126.5135735,1148
제주 샘주,제주특별자치도 제주시 애월읍 애원로 283,제주시,33.4102243,126.3758566,1129
헌마공신 김만일기념관,제주특별자치도 서귀포시 남원읍 서성로 919,서귀포시,33.3352599,126.6681117,1122
라이크더윈드 스튜디오,제주특별자치도 제주시 구좌읍 구좌로 51,제주시,33.5232671,126.8570277,1118
제주 캘리아트,제주특별자치도 제주시 남성로23길 6,제주시,33.5097314,126.5217403,1116
아일랜드 플라워,제주특별자치도 서귀포시 성산읍 서성일로 602,서귀포시,33.4242279,126.8499471,1114
제주옹기굴제,제주특별자치도 서귀포시 대정읍 무영로254번길 3-1,서귀포시,33.2828,126.22336,1112
행복공방 에치비,제주특별자치도 서귀포시 중산간서로 188,서귀포시,33.2604907,126.4948354,1092
가야금이 흐르는 제주,제주특별자치도 제주시 광양9길 27,제주시,33.5008664,126.5326422,1092
"안녕, 상이 친구들",제주특별자치도 제주시 아란7길 47,제주시,33.4261379,126.5626925,1070
월정퀵서프,제주특별자치도 제주시 구좌읍 해맞이해안로 486,제주시,33.5547934,126.7986457,1062
곱뜨락아띠 향수공방,제주특별자치도 서귀포시 안덕면 사계중앙로3번길 22,서귀포시,33.2302133,126.2996522,1060
삼화훈동물병원,제주특별자치도 제주시 동화로 12,제주시,33.5187794,126.5726952,1056
한라동물종합병원,제주특별자치도 제주시 고마로 37,제주시,33.5108854,126.5390598,1052
그린페블,제주특별자치도 제주시 한림읍 수동7길 54-3,제주시,33.3454742,126.2487978,1046
감성을담다,제주특별자치도 제주시 구좌읍 평대7길 20-1,제주시,33.5300084,126.8438361,1044
에이스서프,제주특별자치도 제주시 구좌읍 월정7길 62-1,제주시,33.5557014,126.7955853,1026
위미웨이,"제주특별자치도 서귀포시 남원읍 위미중앙로196번길 6-13 (위미리, 제주해양경비안전서 위미출장소) 위미항",서귀포시,33.2717087,126.6634414,1026
라니멜레,제주특별자치도 제주시 조천읍 조천우회로 527,제주시,33.5309839,126.6658826,1018
비고르서프,제주특별자치도 서귀포시 안덕면 형제해안로 70,서귀포시,33.2258399,126.2998288,1016
카카오패밀리 로이인더정글카밀라스,제주특별자치도 제주시 구좌읍 구좌로 60,제주시,33.5225689,126.8574868,1016
액트몬 제주점,제주특별자치도 서귀포시 중문관광로 205,서귀포시,33.2436726,126.4215188,1014
토이레저,제주특별자치도 서귀포시 안덕면 동광로 267-7,서귀포시,33.3189962,126.3456767,1012
솔티 오렌지,제주특별자치도 서귀포시 성산읍 신산중앙로 36,서귀포시,33.3784681,126.8784858,996
제라펫,제주특별자치도 제주시 용담로20길 28,제주시,33.5078807,126.5134968,996
현애원,제주특별자치도 서귀포시 성산읍 산성효자로114번길 131,서귀포시,33.4559681,126.9084076,994
아틀리에1950,제주특별자치도 제주시 신광로1길 44 4층,제주시,33.4919423,126.4904629,994
파인더웨이브,제주특별자치도 제주시 애월읍 일주서로 6079,제주시,33.4533803,126.3087106,986
들랑,제주특별자치도 제주시 관덕로4길 14-1,제주시,33.5117778,126.5213706,980
조은동물병원,제주특별자치도 서귀포시 동문로 40,서귀포시,33.2503019,126.564913,964
후박나무길,제주특별자치도 제주시 조천읍 선교로 807-31,제주시,33.4402971,126.6993798,954
minagrooming(미나그루밍),제주특별자치도 제주시 한림읍 한림해안로 116,제주시,33.4134783,126.2598919,952
모비딕다이브,제주특별자치도 서귀포시 남성중로121번길 12,서귀포시,33.2427874,126.5555851,950